[
{
    "fields": {
        "username": "nixon",
        "first_name": "",
        "last_name": "",
        "is_active": true,
        "is_superuser": true,
        "is_staff": true,
        "last_login": "2015-05-12T15:19:31Z",
        "groups": [],
        "user_permissions": [],
        "password": "pbkdf2_sha256$15000$1j2o8smsU4wT$ylJGvA6slqErRSmxbubjTGauGpjpKWJErpnRS1V5dCg=",
        "email": "mail@viorel-roman.org",
        "date_joined": "2015-03-22T12:07:27Z"
    },
    "model": "auth.user",
    "pk": 1
},
{
    "fields": {
        "username": "mart",
        "first_name": "",
        "last_name": "",
        "is_active": true,
        "is_superuser": false,
        "is_staff": false,
        "last_login": "2015-04-24T06:23:09Z",
        "groups": [],
        "user_permissions": [],
        "password": "pbkdf2_sha256$15000$21KHMeZuOuvI$AC32nizoENXY/ngEsnyj5HkvQnnH7iXZ2ysc0Gn2GWw=",
        "email": "",
        "date_joined": "2015-04-24T06:23:09Z"
    },
    "model": "auth.user",
    "pk": 2
},
{
    "fields": {
        "username": "stela",
        "first_name": "",
        "last_name": "",
        "is_active": true,
        "is_superuser": false,
        "is_staff": false,
        "last_login": "2015-04-24T08:24:47Z",
        "groups": [],
        "user_permissions": [],
        "password": "pbkdf2_sha256$15000$I0vr1SiN0E4j$cXdOK4B0ZZupiOYtv+enlkMbHPRmyigOB6U6k0x+Xog=",
        "email": "",
        "date_joined": "2015-04-24T08:24:47Z"
    },
    "model": "auth.user",
    "pk": 3
},
{
    "fields": {
        "username": "StelaRoman",
        "first_name": "Stela",
        "last_name": "Roman",
        "is_active": true,
        "is_superuser": false,
        "is_staff": false,
        "last_login": "2015-04-29T13:45:54Z",
        "groups": [],
        "user_permissions": [],
        "password": "!xG5MaAjegrCVNcdmB6Fm9uW6vVaUcB8I2ieaue4s",
        "email": "allets7@gmail.com",
        "date_joined": "2015-04-29T13:45:54Z"
    },
    "model": "auth.user",
    "pk": 5
},
{
    "fields": {
        "username": "ValentinaFurmanova",
        "first_name": "Valentina",
        "last_name": "Furmanova",
        "is_active": true,
        "is_superuser": false,
        "is_staff": false,
        "last_login": "2015-05-01T14:31:05Z",
        "groups": [],
        "user_permissions": [],
        "password": "!IlMtvvkCrar1A48Xa8jNj95FDekHT8UyQplAMFU2",
        "email": "valentina.furmanova@yahoo.com",
        "date_joined": "2015-05-01T14:28:58Z"
    },
    "model": "auth.user",
    "pk": 6
},
{
    "fields": {
        "username": "ViorelRoman",
        "first_name": "Viorel",
        "last_name": "Roman",
        "is_active": true,
        "is_superuser": false,
        "is_staff": false,
        "last_login": "2015-05-06T15:44:43Z",
        "groups": [],
        "user_permissions": [],
        "password": "!oEYZoDe3Zlcxr3HPpDtQcdkmg9QKh6suCctLbCZH",
        "email": "gnunixon@gmail.com",
        "date_joined": "2015-05-05T15:21:23Z"
    },
    "model": "auth.user",
    "pk": 8
},
{
    "fields": {
        "expire_date": "2015-05-26T15:19:31Z",
        "session_data": "ZmEzNzRiYzllNTgxMzQ5YjlmODAyNTFhYzg3N2ZkZDdkY2VmNDA5ZTp7Il9hdXRoX3VzZXJfaGFzaCI6IjVhOWE2ZDIwMWYwODZjODgyMjU4NGQ5ZmJjNjhjZTMyZWY5ZjUyMmQiLCJfYXV0aF91c2VyX2JhY2tlbmQiOiJkamFuZ28uY29udHJpYi5hdXRoLmJhY2tlbmRzLk1vZGVsQmFja2VuZCIsIl9hdXRoX3VzZXJfaWQiOjF9"
    },
    "model": "sessions.session",
    "pk": "643p1k6kk2x79ch3jtzwrwxfjavju4jg"
},
{
    "fields": {
        "expire_date": "2015-04-27T14:37:57Z",
        "session_data": "ZmEzNzRiYzllNTgxMzQ5YjlmODAyNTFhYzg3N2ZkZDdkY2VmNDA5ZTp7Il9hdXRoX3VzZXJfaGFzaCI6IjVhOWE2ZDIwMWYwODZjODgyMjU4NGQ5ZmJjNjhjZTMyZWY5ZjUyMmQiLCJfYXV0aF91c2VyX2JhY2tlbmQiOiJkamFuZ28uY29udHJpYi5hdXRoLmJhY2tlbmRzLk1vZGVsQmFja2VuZCIsIl9hdXRoX3VzZXJfaWQiOjF9"
    },
    "model": "sessions.session",
    "pk": "697w7fy76xzxpiaeyl3xrljy96hlpshf"
},
{
    "fields": {
        "expire_date": "2015-05-20T11:46:41Z",
        "session_data": "OGFmNDg5ODk5MTU0Y2E5MGUzMGYzYTJlOTAxODNhMjg5MDdkZGFhYzp7Il9hdXRoX3VzZXJfaWQiOjgsImZhY2Vib29rX3N0YXRlIjoiUGs1SkNYN0U0eWZEQ2NrWVF5a1lZa1FVaFVsRTdVWFoiLCJfYXV0aF91c2VyX2JhY2tlbmQiOiJzb2NpYWwuYmFja2VuZHMuZmFjZWJvb2suRmFjZWJvb2tPQXV0aDIiLCJuZXh0IjoiLyIsInNvY2lhbF9hdXRoX2xhc3RfbG9naW5fYmFja2VuZCI6ImZhY2Vib29rIiwiX2xhbmd1YWdlIjoicnUiLCJfYXV0aF91c2VyX2hhc2giOiIyNGVmMzU5NTA3NWY2NmIyMTE4MTExNTMyNGQ4MGU1Y2I4MTBjNjFlIn0="
    },
    "model": "sessions.session",
    "pk": "7nn8k7uv0nuh75wo0bm5ikl0duo972qz"
},
{
    "fields": {
        "expire_date": "2015-05-15T14:31:05Z",
        "session_data": "MGViOWQ3ZWJiZmYzOTMwZjU3MzU1NjUwMGY3NDFmOTc4MjM2YzhjNzp7Il9hdXRoX3VzZXJfaWQiOjYsImZhY2Vib29rX3N0YXRlIjoicDJhUExYb0pQRkFYUG1IeGlvTXNkenVjMVF3ZmdFNnMiLCJfYXV0aF91c2VyX2JhY2tlbmQiOiJzb2NpYWwuYmFja2VuZHMuZmFjZWJvb2suRmFjZWJvb2tPQXV0aDIiLCJuZXh0IjoiLyIsInNvY2lhbF9hdXRoX2xhc3RfbG9naW5fYmFja2VuZCI6ImZhY2Vib29rIiwiX2F1dGhfdXNlcl9oYXNoIjoiMDZjZDVjZmNmN2RiYWQyY2NiNTNiYjdhODMxNDJlNGQ0OGNhNGRjMyJ9"
    },
    "model": "sessions.session",
    "pk": "amx3jd2o7276veelprr9x2ntmr0y1ugq"
},
{
    "fields": {
        "expire_date": "2015-04-06T09:06:08Z",
        "session_data": "ZmEzNzRiYzllNTgxMzQ5YjlmODAyNTFhYzg3N2ZkZDdkY2VmNDA5ZTp7Il9hdXRoX3VzZXJfaGFzaCI6IjVhOWE2ZDIwMWYwODZjODgyMjU4NGQ5ZmJjNjhjZTMyZWY5ZjUyMmQiLCJfYXV0aF91c2VyX2JhY2tlbmQiOiJkamFuZ28uY29udHJpYi5hdXRoLmJhY2tlbmRzLk1vZGVsQmFja2VuZCIsIl9hdXRoX3VzZXJfaWQiOjF9"
    },
    "model": "sessions.session",
    "pk": "e6zjk4e9vnhogbzov1wn3txbqeiuyrnd"
},
{
    "fields": {
        "expire_date": "2015-05-13T13:45:54Z",
        "session_data": "ZjcwMTQ4YmE4ZDE2ZDJkMDkyYzExOTkwN2I3MTJjMTY1ZjNmNTZhMjp7Il9hdXRoX3VzZXJfaWQiOjUsImZhY2Vib29rX3N0YXRlIjoieXhMRnA3bUVhZ3RFNExQcWZ6SUtzZTZzaFRtOVVpWDciLCJfYXV0aF91c2VyX2JhY2tlbmQiOiJzb2NpYWwuYmFja2VuZHMuZmFjZWJvb2suRmFjZWJvb2tPQXV0aDIiLCJuZXh0IjoiLyIsInNvY2lhbF9hdXRoX2xhc3RfbG9naW5fYmFja2VuZCI6ImZhY2Vib29rIiwiX2F1dGhfdXNlcl9oYXNoIjoiNjk1ZWMyYTdmOWI3Zjc0N2MzZmU5MDZjYWMyMjQ2ZmQ1ZWFlMjk5ZCJ9"
    },
    "model": "sessions.session",
    "pk": "h8gne7rlw0uo0lpjl6i2q9wcdi1h1kkv"
},
{
    "fields": {
        "expire_date": "2015-05-19T14:24:37Z",
        "session_data": "NzQxOTVhZjA3YjAyMTU1NTlmZDg3NTEzMzI5ODJmMDk4MDUzYjU1Njp7Il9sYW5ndWFnZSI6ImVuIn0="
    },
    "model": "sessions.session",
    "pk": "q4rxrigsgs0riukta2vlajw17m4kiccz"
},
{
    "fields": {
        "expire_date": "2015-05-13T13:33:37Z",
        "session_data": "YmIyZmUzOWM3Yzk4NmJiNzdkY2I5OTIzYzc3NGRmZDY2YmI0ZmMyZDp7fQ=="
    },
    "model": "sessions.session",
    "pk": "tovwkwid46mao9jqovt116itay1k5uet"
},
{
    "fields": {
        "expire_date": "2015-04-28T16:05:16Z",
        "session_data": "ZmEzNzRiYzllNTgxMzQ5YjlmODAyNTFhYzg3N2ZkZDdkY2VmNDA5ZTp7Il9hdXRoX3VzZXJfaGFzaCI6IjVhOWE2ZDIwMWYwODZjODgyMjU4NGQ5ZmJjNjhjZTMyZWY5ZjUyMmQiLCJfYXV0aF91c2VyX2JhY2tlbmQiOiJkamFuZ28uY29udHJpYi5hdXRoLmJhY2tlbmRzLk1vZGVsQmFja2VuZCIsIl9hdXRoX3VzZXJfaWQiOjF9"
    },
    "model": "sessions.session",
    "pk": "wj6r7gs6ruwsq892mk3saoopq4gk177d"
},
{
    "fields": {
        "expire_date": "2015-04-28T09:36:36Z",
        "session_data": "ZmEzNzRiYzllNTgxMzQ5YjlmODAyNTFhYzg3N2ZkZDdkY2VmNDA5ZTp7Il9hdXRoX3VzZXJfaGFzaCI6IjVhOWE2ZDIwMWYwODZjODgyMjU4NGQ5ZmJjNjhjZTMyZWY5ZjUyMmQiLCJfYXV0aF91c2VyX2JhY2tlbmQiOiJkamFuZ28uY29udHJpYi5hdXRoLmJhY2tlbmRzLk1vZGVsQmFja2VuZCIsIl9hdXRoX3VzZXJfaWQiOjF9"
    },
    "model": "sessions.session",
    "pk": "zgf8li7w5oweewfd73dynlndchkf1nf3"
},
{
    "fields": {
        "text": "%%%%%%%%%%%%%%%%%%%%%%%%%%%%%%%%%%%%%%%%%\r\n% \"ModernCV\" CV and Cover Letter\r\n% LaTeX Template\r\n% Version 1.11 (19/6/14)\r\n%\r\n% This template has been downloaded from:\r\n% http://www.LaTeXTemplates.com\r\n%\r\n% Original author:\r\n% Xavier Danaux (xdanaux@gmail.com)\r\n%\r\n% License:\r\n% CC BY-NC-SA 3.0 (http://creativecommons.org/licenses/by-nc-sa/3.0/)\r\n%\r\n% Important note:\r\n% This template requires the moderncv.cls and .sty files to be in the same \r\n% directory as this .tex file. These files provide the resume style and themes \r\n% used for structuring the document.\r\n%\r\n%%%%%%%%%%%%%%%%%%%%%%%%%%%%%%%%%%%%%%%%%\r\n\r\n%----------------------------------------------------------------------------------------\r\n%\tPACKAGES AND OTHER DOCUMENT CONFIGURATIONS\r\n%----------------------------------------------------------------------------------------\r\n\r\n\\documentclass[11pt,a4paper,sans]{moderncv} % Font sizes: 10, 11, or 12; paper sizes: a4paper, letterpaper, a5paper, legalpaper, executivepaper or landscape; font families: sans or roman\r\n\r\n\\moderncvstyle{casual} % CV theme - options include: 'casual' (default), 'classic', 'oldstyle' and 'banking'\r\n\\moderncvcolor{blue} % CV color - options include: 'blue' (default), 'orange', 'green', 'red', 'purple', 'grey' and 'black'\r\n\\usepackage{fontspec}\r\n\\usepackage{lipsum} % Used for inserting dummy 'Lorem ipsum' text into the template\r\n\r\n\\usepackage[scale=0.75]{geometry} % Reduce document margins\r\n%\\setlength{\\hintscolumnwidth}{3cm} % Uncomment to change the width of the dates column\r\n%\\setlength{\\makecvtitlenamewidth}{10cm} % For the 'classic' style, uncomment to adjust the width of the space allocated to your name\r\n\r\n%----------------------------------------------------------------------------------------\r\n%\tNAME AND CONTACT INFORMATION SECTION\r\n%----------------------------------------------------------------------------------------\r\n\r\n\\firstname{% verbatim %}{\r\n{% endverbatim %}{{ cv.human.prenume }}} % Your first name\r\n\\familyname{% verbatim %}{\r\n{% endverbatim %}{{ cv.human.nume }}} % Your last name\r\n\r\n% All information in this block is optional, comment out any lines you don't need\r\n\\title{Curriculum Vitae}\r\n% \\address{123 Broadway}{City, State 12345}\r\n% \\mobile{(000) 111 1111}\r\n\\phone{% verbatim %}{\r\n{% endverbatim %}{{ cv.human.phone }}}\r\n% \\fax{(000) 111 1113}\r\n\\email{% verbatim %}{\r\n{% endverbatim %}{{ cv.human.email|texify|safe }}}\r\n% \\homepage{% verbatim %}{\r\n% {% endverbatim %}{{ cv.human.web }}}{% verbatim %}{\r\n% {% endverbatim %}{{ cv.human.web }}} % The first argument is the url for the clickable link, the second argument is the url displayed in the template - this allows special characters to be displayed such as the tilde in this example\r\n% \\extrainfo{additional information}\r\n% \\photo[70pt][0.4pt]{pictures/picture} % The first bracket is the picture height, the second is the thickness of the frame around the picture (0pt for no frame)\r\n% \\quote{\"A witty and playful quotation\" - John Smith}\r\n\r\n%----------------------------------------------------------------------------------------\r\n\r\n\\begin{document}\r\n\r\n\\makecvtitle % Print the CV title\r\n\r\n%----------------------------------------------------------------------------------------\r\n%\tEDUCATION SECTION\r\n%----------------------------------------------------------------------------------------\r\n{% if cv.studies.all %}\r\n\\section{Education}\r\n{% for study in cv.studies.all %}\r\n\\cventry{% verbatim %}{\r\n{% endverbatim %}{{ study.years }}}{% verbatim %}{\r\n{% endverbatim %}{{ study.faculty|texify|safe }}}{% verbatim %}{\r\n{% endverbatim %}{{ study.inst|texify|safe }}}{}{}{}  % Arguments not required can be left empty\r\n{% endfor %}\r\n{% endif %}\r\n\r\n%----------------------------------------------------------------------------------------\r\n%\tWORK EXPERIENCE SECTION\r\n%----------------------------------------------------------------------------------------\r\n{% if cv.works.all %}\r\n\\section{Experience}\r\n{% for work in cv.works.all %}\r\n\\cventry{% verbatim %}{\r\n{% endverbatim %}{{ work.years }}}{% verbatim %}{\r\n{% endverbatim %}{{ work.function|texify|safe }}}{\\textsc{% verbatim %}{\r\n{% endverbatim %}{{ work.inst|texify|safe }}}}{}{}{% verbatim %}{\r\n{% endverbatim %}{{ work.comments|texify|safe }}}\r\n{% endfor %}\r\n{% endif %}\r\n%------------------------------------------------\r\n\r\n%----------------------------------------------------------------------------------------\r\n%\tAWARDS SECTION\r\n%----------------------------------------------------------------------------------------\r\n{% if cv.awards.all %}\r\n\\section{Awards}\r\n{% for award in cv.awards.all %}\r\n\\cvitem{% verbatim %}{\r\n{% endverbatim %}{{ award.year }}}{% verbatim %}{\r\n{% endverbatim %}{{ award.title|texify|safe }}}\r\n{% endfor %}\r\n{% endif %}\r\n\r\n%----------------------------------------------------------------------------------------\r\n%\tCOMPUTER SKILLS SECTION\r\n%----------------------------------------------------------------------------------------\r\n{% if cv.abilities.all %}\r\n\\section{Skills}\r\n{% for skill in cv.abilities.all %}\r\n\\cvitem{% verbatim %}{\r\n{% endverbatim %}{{ skill.title|texify|safe }}}{% verbatim %}{\r\n{% endverbatim %}{{ skill.comment|texify|safe }}}\r\n{% endfor %}\r\n{% endif %}\r\n%----------------------------------------------------------------------------------------\r\n%\tLANGUAGES SECTION\r\n%----------------------------------------------------------------------------------------\r\n\r\n\\section{Languages}\r\n\r\n\\cvitemwithcomment{English}{Mothertongue}{}\r\n\\cvitemwithcomment{Spanish}{Intermediate}{Conversationally fluent}\r\n\\cvitemwithcomment{Dutch}{Basic}{Basic words and phrases only}\r\n\r\n\\end{document}",
        "image": "cv_thumbs/cv_10.png",
        "title": "Modern CV"
    },
    "model": "udata.cvtemplate",
    "pk": 1
},
{
    "fields": {
        "text": "%%%%%%%%%%%%%%%%%%%%%%%%%%%%%%%%%%%%%%%\r\n% Deedy CV/Resume\r\n% XeLaTeX Template\r\n% Version 1.0 (5/5/2014)\r\n%\r\n% This template has been downloaded from:\r\n% http://www.LaTeXTemplates.com\r\n%\r\n% Original author:\r\n% Debarghya Das (http://www.debarghyadas.com)\r\n% With extensive modifications by:\r\n% Vel (vel@latextemplates.com)\r\n%\r\n% License:\r\n% CC BY-NC-SA 3.0 (http://creativecommons.org/licenses/by-nc-sa/3.0/)\r\n%\r\n% Important notes:\r\n% This template needs to be compiled with XeLaTeX.\r\n%\r\n%%%%%%%%%%%%%%%%%%%%%%%%%%%%%%%%%%%%%%\r\n\r\n\\documentclass[letterpaper]{deedy-resume} % Use US Letter paper, change to a4paper for A4 \r\n\\usepackage{fontspec}\r\n\\begin{document}\r\n\r\n%----------------------------------------------------------------------------------------\r\n%\tTITLE SECTION\r\n%----------------------------------------------------------------------------------------\r\n\r\n\\lastupdated % Print the Last Updated text at the top right\r\n\r\n\\namesection{\r\n{{ cv.human.prenume }}}{%\r\n{{ cv.human.nume }}}{ % Your name\r\n\\urlstyle{same}\\url{http://{{ cv.human.web }}} \\\\ % Your website, LinkedIn profile or other web address\r\n\\href{mailto:{{ cv.human.email }}}{%\r\n{{ cv.human.email }}} | {{ cv.human.phone }} % Your contact information\r\n}\r\n\r\n%----------------------------------------------------------------------------------------\r\n%\tLEFT COLUMN\r\n%----------------------------------------------------------------------------------------\r\n\r\n\\begin{minipage}[t]{0.33\\textwidth} % The left column takes up 33% of the text width of the page\r\n\r\n%------------------------------------------------\r\n% Education\r\n%------------------------------------------------\r\n{% if cv.studies.all %}\r\n\\section{Education} \r\n\r\n{% for study in cv.studies.all %}\r\n\\subsection{%\r\n{{ study.inst|texify|safe }}}\r\n\r\n\\descript{%\r\n{{ study.faculty|texify|safe }}}\r\n\\location{%\r\n{{ study.years }}}\r\n\r\n\\sectionspace % Some whitespace after the section\r\n{% endfor %}\r\n{% endif %}\r\n\r\n%------------------------------------------------\r\n% Coursework\r\n%------------------------------------------------\r\n{% if cv.awards.all %}\r\n\\section{Awards}\r\n\r\n{% for award in cv.awards.all %}\r\n\\subsection{%\r\n{{ award.title|texify|safe }}}\r\n\r\n{{ award.description|texify|safe }} \\\\\r\n{\\footnotesize \\textit{\\textbf{%\r\n{{ award.year }} }}}\r\n\\sectionspace % Some whitespace after the section\r\n{% endfor %}\r\n{% endif %}\r\n\r\n%------------------------------------------------\r\n% Skills\r\n%------------------------------------------------\r\n{% if cv.abilities.all %}\r\n\\section{Skills}\r\n\r\n{% for skill in cv.abilities.all %}\r\n\\subsection{%\r\n{{ skill.title|texify|safe }}}\r\n\r\n{{ skill.comment|texify|safe }}\r\n\\sectionspace % Some whitespace after the section\r\n{% endfor %}\r\n{% endif %}\r\n\r\n%----------------------------------------------------------------------------------------\r\n\r\n\\end{minipage} % The end of the left column\r\n\\hfill\r\n%\r\n%----------------------------------------------------------------------------------------\r\n%\tRIGHT COLUMN\r\n%----------------------------------------------------------------------------------------\r\n%\r\n\\begin{minipage}[t]{0.66\\textwidth} % The right column takes up 66% of the text width of the page\r\n\r\n%------------------------------------------------\r\n% Experience\r\n%------------------------------------------------\r\n{% if cv.works.all %}\r\n\\section{Experience}\r\n\r\n{% for work in cv.works.all %}\r\n\\runsubsection{%\r\n{{ work.inst|texify|safe }}}\r\n\\descript{| {{ work.function|texify|safe }}}\r\n\r\n\\location{%\r\n{{ work.years }}}\r\n\\vspace{\\topsep} % Hacky fix for awkward extra vertical space\r\n{{ work.comments|texify|safe }}\r\n\r\n\\sectionspace % Some whitespace after the section\r\n{% endfor %}\r\n{% endif %}\r\n%----------------------------------------------------------------------------------------\r\n\r\n\\end{minipage} % The end of the right column\r\n\r\n%----------------------------------------------------------------------------------------\r\n%\tSECOND PAGE (EXAMPLE)\r\n%----------------------------------------------------------------------------------------\r\n\r\n%\\newpage % Start a new page\r\n\r\n%\\begin{minipage}[t]{0.33\\textwidth} % The left column takes up 33% of the text width of the page\r\n\r\n%\\section{Example Section}\r\n\r\n%\\end{minipage} % The end of the left column\r\n%\\hfill\r\n%\\begin{minipage}[t]{0.66\\textwidth} % The right column takes up 66% of the text width of the page\r\n\r\n%\\section{Example Section 2}\r\n\r\n%\\end{minipage} % The end of the right column\r\n\r\n%----------------------------------------------------------------------------------------\r\n\r\n\\end{document}",
        "image": "cv_thumbs/cv_12.png",
        "title": "Deedy CV"
    },
    "model": "udata.cvtemplate",
    "pk": 2
},
{
    "fields": {
        "text": "{% load i18n %}\r\n{% language lang %}\r\n%%%%%%%%%%%%%%%%%%%%%%%%%%%%%%%%%%%%%%%%%\r\n% Friggeri Resume/CV\r\n% XeLaTeX Template\r\n% Version 1.1 (9/2/15)\r\n%\r\n% This template has been downloaded from:\r\n% http://www.LaTeXTemplates.com\r\n%\r\n% Original author:\r\n% Adrien Friggeri (adrien@friggeri.net)\r\n% https://github.com/afriggeri/CV\r\n%\r\n% License:\r\n% CC BY-NC-SA 3.0 (http://creativecommons.org/licenses/by-nc-sa/3.0/)\r\n%\r\n% Important notes:\r\n% This template needs to be compiled with XeLaTeX and the bibliography, if used,\r\n% needs to be compiled with biber rather than bibtex.\r\n%\r\n%%%%%%%%%%%%%%%%%%%%%%%%%%%%%%%%%%%%%%%%%\r\n\r\n\\documentclass[]{friggeri-cv} % Add 'print' as an option into the square bracket to remove colors from this template for printing\r\n\\usepackage{fontspec}\r\n\\addbibresource{bibliography.bib} % Specify the bibliography file to include publications\r\n\r\n\\begin{document}\r\n\r\n\\header{%\r\n{{ cv.human.prenume }}}{%\r\n{{ cv.human.nume }}}{%\r\n{{ cv.title }}} % Your name and current job title/field\r\n\r\n%----------------------------------------------------------------------------------------\r\n%\tSIDEBAR SECTION\r\n%----------------------------------------------------------------------------------------\r\n\r\n\\begin{aside} % In the aside, each new line forces a line break\r\n\\section{%\r\n{% trans 'Contact' %}}\r\n{{ cv.human.phone }}\r\n~\r\n\\href{mailto:{{ cv.human.email }}}{%\r\n{{ cv.human.email }}}\r\n\\href{http://{{ cv.human.web}}}{%\r\n{{ cv.human.web }}}\r\n\\section{%\r\n{% trans 'Languages'%}}\r\n\\begin{tabular*}{130pt}{ l c c c }\r\n& {% trans 'Read' %} & {% trans 'Write' %} & {% trans 'Speak' %}\r\n{% for lang in cv.human.langskill_set.all %}\r\n{{ lang.language.title }} & {{ lang.read.title }} & {{ lang.write.title }} & {{ lang.speak.title }}\\\r\n{% endfor %}\r\n\\end{tabular*}\r\n\\end{aside}\r\n\r\n%----------------------------------------------------------------------------------------\r\n%\tEDUCATION SECTION\r\n%----------------------------------------------------------------------------------------\r\n{% if studies.all %}\r\n\\section{%\r\n{% trans 'Studies' %}}\r\n\r\n\\begin{entrylist}\r\n%------------------------------------------------\r\n{% for study in studies.all %}\r\n\\entry\r\n{%\r\n{{ study|fdate }}}\r\n{%\r\n{{ study.faculty|texify|safe }}}\r\n{%\r\n{{ study.inst|texify|safe }}}\r\n{}\r\n{% endfor %}\r\n%------------------------------------------------\r\n\\end{entrylist}\r\n{% endif %}\r\n\r\n%----------------------------------------------------------------------------------------\r\n%\tWORK EXPERIENCE SECTION\r\n%----------------------------------------------------------------------------------------\r\n{% if works.all %}\r\n\\section{%\r\n{% trans 'Work' %}}\r\n\r\n\\begin{entrylist}\r\n%------------------------------------------------\r\n{% for work in works.all %}\r\n\\entry\r\n{%\r\n{{ work|fdate }}}\r\n{%\r\n{{ work.inst|texify|safe }}}\r\n{}\r\n{\\emph{%\r\n{{ work.function|texify|safe }}} \\\\\r\n{{ work.comments|texify|safe }}}\r\n%------------------------------------------------\r\n{% endfor %}\r\n\\end{entrylist}\r\n{% endif %}\r\n\r\n%----------------------------------------------------------------------------------------\r\n%\tAWARDS SECTION\r\n%----------------------------------------------------------------------------------------\r\n{% if awards.all %}\r\n\\section{%\r\n{% trans 'Awards' %}}\r\n\r\n\\begin{entrylist}\r\n%------------------------------------------------\r\n{% for award in awards.all %}\r\n\\entry\r\n{%\r\n{{ award.year }}}\r\n{%\r\n{{ award.title|texify|safe }}}\r\n{}\r\n{%\r\n{{ award.description|texify|safe }}}\r\n%------------------------------------------------\r\n{% endfor %}\r\n\\end{entrylist}\r\n{% endif %}\r\n\r\n%----------------------------------------------------------------------------------------\r\n%\tSKILLS SECTION\r\n%----------------------------------------------------------------------------------------\r\n{% if abilities.all %}\r\n\\section{%\r\n{% trans 'Skills' %}}\r\n\r\n\\begin{entrylist}\r\n%------------------------------------------------\r\n{% for ability in abilities.all %}\r\n\\entry\r\n{}\r\n{%\r\n{{ ability.title|texify|safe }}}\r\n{}\r\n{%\r\n{{ ability.comment|texify|safe }}}\r\n%------------------------------------------------\r\n{% endfor %}\r\n\\end{entrylist}\r\n{% endif %}\r\n{% endlanguage %}\r\n\\end{document}",
        "image": "cv_thumbs/proiectul_legii_bugetului_Foto_simbol_rvs.md.jpg",
        "title": "Friggery"
    },
    "model": "udata.cvtemplate",
    "pk": 3
},
{
    "fields": {
        "lang": "ro",
        "web": "www.viorel-roman.org",
        "name": "Viorel Roman",
        "phone": "+373 673.844.82",
        "birthday": "1985-08-13",
        "user": [
            "nixon"
        ],
        "email": "mail@viorel-roman.org"
    },
    "model": "udata.human",
    "pk": 1
},
{
    "fields": {
        "lang": "ro",
        "web": "www.cuvintul.md",
        "name": "Valentina Marti\u015fenco",
        "phone": "068640085",
        "birthday": "1968-05-21",
        "user": [
            "mart"
        ],
        "email": "cuvintul@gmail.com"
    },
    "model": "udata.human",
    "pk": 5
},
{
    "fields": {
        "lang": "ro",
        "web": "http://cuvintul.md/",
        "name": "Stela Roman",
        "phone": "/+373/ 68229461",
        "birthday": "1990-10-24",
        "user": [
            "stela"
        ],
        "email": "allets7@gmail.com"
    },
    "model": "udata.human",
    "pk": 6
},
{
    "fields": {
        "lang": "ro",
        "web": "www.example.com",
        "name": "Stela Roman",
        "phone": "xxx.xxx.xxx.xxx",
        "birthday": null,
        "user": [
            "StelaRoman"
        ],
        "email": "allets7@gmail.com"
    },
    "model": "udata.human",
    "pk": 12
},
{
    "fields": {
        "lang": "ro",
        "web": "www.example.com",
        "name": "Valentina Furmanova",
        "phone": "xxx.xxx.xxx.xxx",
        "birthday": null,
        "user": [
            "ValentinaFurmanova"
        ],
        "email": "valentina.furmanova@yahoo.com"
    },
    "model": "udata.human",
    "pk": 13
},
{
    "fields": {
        "lang": "en",
        "web": "www.viorel-roman.org",
        "name": "Viorel Roman",
        "phone": "+373 673.844.82",
        "birthday": null,
        "user": [
            "ViorelRoman"
        ],
        "email": "gnunixon@gmail.com"
    },
    "model": "udata.human",
    "pk": 15
},
{
    "fields": {
        "language_code": "ru",
        "master": 57,
        "faculty": "\u0440\u0435\u0430\u043b\u044c\u043d\u044b\u0439 \u043f\u0440\u043e\u0444\u0438\u043b\u044c"
    },
    "model": "udata.studytranslation",
    "pk": 14
},
{
    "fields": {
        "language_code": "ro",
        "master": 57,
        "faculty": "profilul real"
    },
    "model": "udata.studytranslation",
    "pk": 15
},
{
    "fields": {
        "language_code": "ro",
        "master": 58,
        "faculty": "Departamentul de Jurnalism \u015fi Comunicare Public\u0103"
    },
    "model": "udata.studytranslation",
    "pk": 16
},
{
    "fields": {
        "language_code": "ru",
        "master": 58,
        "faculty": "\u0414\u0435\u043f\u0430\u0440\u0442\u0430\u043c\u0435\u043d\u0442 \u0416\u0443\u0440\u043d\u0430\u043b\u0438\u0441\u0442\u0438\u043a\u0438"
    },
    "model": "udata.studytranslation",
    "pk": 17
},
{
    "fields": {
        "language_code": "ro",
        "master": 59,
        "faculty": "\u015ecoala de Studii Avansate \u00een Jurnalism"
    },
    "model": "udata.studytranslation",
    "pk": 18
},
{
    "fields": {
        "language_code": "ru",
        "master": 59,
        "faculty": "\u0428\u043a\u043e\u043b\u0430 \u0412\u044b\u0441\u0448\u0435\u0439 \u0416\u0443\u0440\u043d\u0430\u043b\u0438\u0441\u0442\u0438\u043a\u0438"
    },
    "model": "udata.studytranslation",
    "pk": 19
},
{
    "fields": {
        "language_code": "en",
        "master": 64,
        "faculty": "profilul real"
    },
    "model": "udata.studytranslation",
    "pk": 26
},
{
    "fields": {
        "language_code": "ro",
        "master": 64,
        "faculty": "profilul real"
    },
    "model": "udata.studytranslation",
    "pk": 27
},
{
    "fields": {
        "language_code": "ru",
        "master": 64,
        "faculty": "\u0440\u0435\u0430\u043b\u044c\u043d\u044b\u0439 \u043f\u0440\u043e\u0444\u0438\u043b\u044c"
    },
    "model": "udata.studytranslation",
    "pk": 28
},
{
    "fields": {
        "language_code": "en",
        "master": 65,
        "faculty": "Departamentul de Jurnalism si Comunicare Publica"
    },
    "model": "udata.studytranslation",
    "pk": 29
},
{
    "fields": {
        "language_code": "ro",
        "master": 65,
        "faculty": "Departamentul de Jurnalism si Comunicare Publica"
    },
    "model": "udata.studytranslation",
    "pk": 30
},
{
    "fields": {
        "language_code": "ru",
        "master": 65,
        "faculty": "Departamentul de Jurnalism si Comunicare Publica"
    },
    "model": "udata.studytranslation",
    "pk": 31
},
{
    "fields": {
        "language_code": "en",
        "master": 66,
        "faculty": "Advanced School of Journalism"
    },
    "model": "udata.studytranslation",
    "pk": 32
},
{
    "fields": {
        "language_code": "ro",
        "master": 66,
        "faculty": "Scoala de Studii Avansate in Jurnalism"
    },
    "model": "udata.studytranslation",
    "pk": 33
},
{
    "fields": {
        "language_code": "ru",
        "master": 66,
        "faculty": "Scoala de Studii Avansate in Jurnalism"
    },
    "model": "udata.studytranslation",
    "pk": 34
},
{
    "fields": {
        "end_year": 2003,
        "begin_year": 1991,
        "inst": "\u041b\u0438\u0446\u0435\u0439 \u0428\u0442\u0435\u0444\u0430\u043d \u0447\u0435\u043b \u041c\u0430\u0440\u0435, \u0433. \u0420\u0435\u0437\u0438\u043d\u0430",
        "human": 1
    },
    "model": "udata.study",
    "pk": 57
},
{
    "fields": {
        "end_year": 2007,
        "begin_year": 2003,
        "inst": "ULIM",
        "human": 1
    },
    "model": "udata.study",
    "pk": 58
},
{
    "fields": {
        "end_year": 2010,
        "begin_year": 2009,
        "inst": "CJI",
        "human": 1
    },
    "model": "udata.study",
    "pk": 59
},
{
    "fields": {
        "end_year": 2003,
        "begin_year": 1991,
        "inst": "Liceul \u015etefan cel Mare, or. Rezina",
        "human": 15
    },
    "model": "udata.study",
    "pk": 64
},
{
    "fields": {
        "end_year": 2007,
        "begin_year": 2003,
        "inst": "ULIM",
        "human": 15
    },
    "model": "udata.study",
    "pk": 65
},
{
    "fields": {
        "end_year": 2010,
        "begin_year": 2009,
        "inst": "CJI",
        "human": 15
    },
    "model": "udata.study",
    "pk": 66
},
{
    "fields": {
        "function": "Python/Twisted \u043f\u0440\u043e\u0433\u0440\u0430\u043c\u043c\u0438\u0441\u0442",
        "master": 31,
        "comments": "\u0423\u0447\u0430\u0441\u0442\u0438\u0435 \u0432 \u0440\u0430\u0437\u0440\u0430\u0431\u043e\u0442\u043a\u0438 \u0441\u0438\u0441\u0442\u0435\u043c\u044b \u0431\u0435\u0437\u043e\u043f\u0430\u0441\u043d\u043e\u0441\u0442\u0438 Aylook. \u0420\u0430\u0437\u0440\u0430\u0431\u043e\u0442\u043a\u0430 \u0434\u0440\u0430\u0439\u0432\u0435\u0440\u043e\u0432 \u0434\u043b\u044f \u0440\u0430\u0437\u043b\u0438\u0447\u043d\u044b\u0445 \u0443\u0441\u0442\u0440\u043e\u0438\u0441\u0442\u0432 (\u043a\u0430\u043c\u0435\u0440\u044b, \u043f\u0430\u043d\u0435\u043b\u0438 \u0431\u0435\u0437\u043e\u043f\u0430\u0441\u043d\u043e\u0441\u0442\u0438). \u0418\u0441\u043f\u043e\u043b\u044c\u0437\u0443\u0435\u043c\u044b\u0435 \u044f\u0437\u044b\u043a\u0438 \u0438 \u0442\u0435\u0445\u043d\u043e\u043b\u043e\u0433\u0438\u0438: Python/Twisted, Lua/lupa, Redis, rq",
        "language_code": "ru"
    },
    "model": "udata.worktranslation",
    "pk": 1
},
{
    "fields": {
        "function": "Python/Twisted programist",
        "master": 31,
        "comments": "Dezvoltarea sistemului de securitate Aylook. Tehnologii \u015fi limbaje utilizate: Python/Twisted, Lua/lupa, Redis, rq",
        "language_code": "ro"
    },
    "model": "udata.worktranslation",
    "pk": 2
},
{
    "fields": {
        "function": "Python/Django programist",
        "master": 32,
        "comments": "Am dezvoltat \u015fi administrat mai bine de 50 de site-uri. Tehnologii utilizate: Python/Django, HTML/CSS/JS, Nginx",
        "language_code": "ro"
    },
    "model": "udata.worktranslation",
    "pk": 3
},
{
    "fields": {
        "function": "Python/Django programmer",
        "master": 32,
        "comments": "I developed about 50 sites. Used technologies: Python/Django, HTML/CSS/JS, Nginx",
        "language_code": "en"
    },
    "model": "udata.worktranslation",
    "pk": 4
},
{
    "fields": {
        "function": "Python/Django \u043f\u0440\u043e\u0433\u0440\u0430\u043c\u043c\u0438\u0441\u0442",
        "master": 32,
        "comments": "\u0420\u0430\u0437\u0440\u0430\u0431\u043e\u0442\u0430\u043b \u0438 \u0430\u0434\u043c\u0438\u043d\u0438\u0441\u0442\u0440\u0438\u0440\u043e\u0432\u0430\u043b \u0431\u043e\u043b\u0435\u0435 50 \u0441\u0430\u0439\u0442\u043e\u0432. \u0418\u0441\u043f\u043e\u043b\u044c\u0437\u0443\u0435\u043c\u044b\u0435 \u0442\u0435\u0445\u043d\u043e\u043b\u043e\u0433\u0438\u0438: Python/Django, HTML/CSS/JS, Nginx",
        "language_code": "ru"
    },
    "model": "udata.worktranslation",
    "pk": 5
},
{
    "fields": {
        "function": "Journalist",
        "master": 34,
        "comments": "Am administrat site-ul, am scris stiri si am asigurat transmisiunea meciurilor live.",
        "language_code": "en"
    },
    "model": "udata.worktranslation",
    "pk": 7
},
{
    "fields": {
        "function": "Journalist",
        "master": 34,
        "comments": "Am administrat site-ul, am scris stiri si am asigurat transmisiunea meciurilor live.",
        "language_code": "ro"
    },
    "model": "udata.worktranslation",
    "pk": 8
},
{
    "fields": {
        "function": "Journalist",
        "master": 34,
        "comments": "Am administrat site-ul, am scris stiri si am asigurat transmisiunea meciurilor live.",
        "language_code": "ru"
    },
    "model": "udata.worktranslation",
    "pk": 9
},
{
    "fields": {
        "end_year": null,
        "begin_year": 2014,
        "inst": "Antek-Mol",
        "human": 1
    },
    "model": "udata.work",
    "pk": 31
},
{
    "fields": {
        "end_year": 2014,
        "begin_year": 2008,
        "inst": "Leg&Co",
        "human": 1
    },
    "model": "udata.work",
    "pk": 32
},
{
    "fields": {
        "end_year": 2013,
        "begin_year": 2013,
        "inst": "Fotbal.MD",
        "human": 15
    },
    "model": "udata.work",
    "pk": 34
},
{
    "fields": {
        "title": "Romanian"
    },
    "model": "udata.language",
    "pk": 1
},
{
    "fields": {
        "title": "Russian"
    },
    "model": "udata.language",
    "pk": 2
},
{
    "fields": {
        "title": "English"
    },
    "model": "udata.language",
    "pk": 3
},
{
    "fields": {
        "title": "A1"
    },
    "model": "udata.langskillval",
    "pk": 1
},
{
    "fields": {
        "title": "A2"
    },
    "model": "udata.langskillval",
    "pk": 2
},
{
    "fields": {
        "title": "B1"
    },
    "model": "udata.langskillval",
    "pk": 3
},
{
    "fields": {
        "title": "B2"
    },
    "model": "udata.langskillval",
    "pk": 4
},
{
    "fields": {
        "title": "C1"
    },
    "model": "udata.langskillval",
    "pk": 5
},
{
    "fields": {
        "title": "C2"
    },
    "model": "udata.langskillval",
    "pk": 6
},
{
    "fields": {
        "read": 6,
        "write": 6,
        "human": 1,
        "language": "Russian",
        "speak": 6
    },
    "model": "udata.langskill",
    "pk": 1
},
{
    "fields": {
        "read": 6,
        "write": 6,
        "human": 1,
        "language": "Romanian",
        "speak": 6
    },
    "model": "udata.langskill",
    "pk": 2
},
{
    "fields": {
        "read": 4,
        "write": 2,
        "human": 1,
        "language": "English",
        "speak": 2
    },
    "model": "udata.langskill",
    "pk": 3
},
{
    "fields": {
        "read": 6,
        "write": 6,
        "human": 5,
        "language": "1",
        "speak": 6
    },
    "model": "udata.langskill",
    "pk": 4
},
{
    "fields": {
        "read": 6,
        "write": 6,
        "human": 5,
        "language": "2",
        "speak": 6
    },
    "model": "udata.langskill",
    "pk": 5
},
{
    "fields": {
        "read": 6,
        "write": 6,
        "human": 6,
        "language": "1",
        "speak": 6
    },
    "model": "udata.langskill",
    "pk": 6
},
{
    "fields": {
        "read": 6,
        "write": 6,
        "human": 6,
        "language": "2",
        "speak": 6
    },
    "model": "udata.langskill",
    "pk": 7
},
{
    "fields": {
        "read": 6,
        "write": 6,
        "human": 6,
        "language": "3",
        "speak": 6
    },
    "model": "udata.langskill",
    "pk": 8
},
{
    "fields": {
        "read": 5,
        "write": 3,
        "human": 1,
        "language": "French",
        "speak": 3
    },
    "model": "udata.langskill",
    "pk": 10
},
{
    "fields": {
        "read": 6,
        "write": 6,
        "human": 13,
        "language": "Russian",
        "speak": 6
    },
    "model": "udata.langskill",
    "pk": 11
},
{
    "fields": {
        "read": 6,
        "write": 6,
        "human": 15,
        "language": "Romanian",
        "speak": 6
    },
    "model": "udata.langskill",
    "pk": 15
},
{
    "fields": {
        "read": 6,
        "write": 6,
        "human": 15,
        "language": "Russian",
        "speak": 6
    },
    "model": "udata.langskill",
    "pk": 16
},
{
    "fields": {
        "read": 5,
        "write": 4,
        "human": 15,
        "language": "English",
        "speak": 3
    },
    "model": "udata.langskill",
    "pk": 17
},
{
    "fields": {
        "abilities": [],
        "human": 5,
        "title": "Contabil",
        "awards": [],
        "template": 3,
        "works": [],
        "studies": [],
        "public": false
    },
    "model": "udata.cv",
    "pk": 4
},
{
    "fields": {
        "abilities": [],
        "human": 6,
        "title": "Jurnalist",
        "awards": [],
        "template": 3,
        "works": [],
        "studies": [],
        "public": false
    },
    "model": "udata.cv",
    "pk": 5
},
{
    "fields": {
        "abilities": [],
        "human": 1,
        "title": "Python/Django web-developer",
        "awards": [],
        "template": 3,
        "works": [],
        "studies": [],
        "public": true
    },
    "model": "udata.cv",
    "pk": 130
},
{
    "fields": {
        "abilities": [],
        "human": 1,
        "title": "Designer/Paginator",
        "awards": [],
        "template": 3,
        "works": [],
        "studies": [],
        "public": true
    },
    "model": "udata.cv",
    "pk": 131
},
{
    "fields": {
        "abilities": [],
        "human": 1,
        "title": "Jurnalist sportiv",
        "awards": [],
        "template": 3,
        "works": [],
        "studies": [],
        "public": true
    },
    "model": "udata.cv",
    "pk": 134
},
{
    "fields": {
        "abilities": [],
        "human": 1,
        "title": "Jurnalist",
        "awards": [],
        "template": 3,
        "works": [],
        "studies": [],
        "public": true
    },
    "model": "udata.cv",
    "pk": 150
},
{
    "fields": {
        "abilities": [],
        "human": 1,
        "title": "General",
        "awards": [],
        "template": 3,
        "works": [],
        "studies": [],
        "public": true
    },
    "model": "udata.cv",
    "pk": 156
},
{
    "fields": {
        "abilities": [],
        "human": 1,
        "title": "test",
        "awards": [],
        "template": 3,
        "works": [
            31,
            32
        ],
        "studies": [
            59,
            58,
            57
        ],
        "public": false
    },
    "model": "udata.cv",
    "pk": 158
},
{
    "fields": {
        "abilities": [],
        "human": 1,
        "title": "test",
        "awards": [],
        "template": 3,
        "works": [
            31,
            32
        ],
        "studies": [
            59,
            58,
            57
        ],
        "public": false
    },
    "model": "udata.cv",
    "pk": 159
},
{
    "fields": {
        "abilities": [],
        "human": 1,
        "title": "test",
        "awards": [],
        "template": 3,
        "works": [
            31,
            32
        ],
        "studies": [
            59,
            58,
            57
        ],
        "public": false
    },
    "model": "udata.cv",
    "pk": 160
},
{
    "fields": {
        "abilities": [],
        "human": 15,
        "title": "test",
        "awards": [],
        "template": 3,
        "works": [
            34
        ],
        "studies": [
            66,
            65,
            64
        ],
        "public": true
    },
    "model": "udata.cv",
    "pk": 166
},
{
    "fields": {
        "abilities": [],
        "human": 15,
        "title": "new test",
        "awards": [],
        "template": 3,
        "works": [
            34
        ],
        "studies": [
            66,
            65,
            64
        ],
        "public": false
    },
    "model": "udata.cv",
    "pk": 167
},
{
    "fields": {
        "abilities": [],
        "human": 15,
        "title": "new test",
        "awards": [],
        "template": 3,
        "works": [
            34
        ],
        "studies": [
            66,
            65,
            64
        ],
        "public": true
    },
    "model": "udata.cv",
    "pk": 168
},
{
    "fields": {
        "abilities": [],
        "human": 15,
        "title": "new test",
        "awards": [],
        "template": 3,
        "works": [
            34
        ],
        "studies": [
            66,
            65,
            64
        ],
        "public": true
    },
    "model": "udata.cv",
    "pk": 169
},
{
    "fields": {
        "abilities": [],
        "human": 15,
        "title": "new test",
        "awards": [],
        "template": 3,
        "works": [
            34
        ],
        "studies": [
            66,
            65,
            64
        ],
        "public": true
    },
    "model": "udata.cv",
    "pk": 170
},
{
    "fields": {
        "abilities": [],
        "human": 15,
        "title": "new test",
        "awards": [],
        "template": 3,
        "works": [
            34
        ],
        "studies": [
            66,
            65,
            64
        ],
        "public": true
    },
    "model": "udata.cv",
    "pk": 171
},
{
    "fields": {
        "abilities": [],
        "human": 15,
        "title": "new test",
        "awards": [],
        "template": 3,
        "works": [
            34
        ],
        "studies": [
            66,
            65,
            64
        ],
        "public": true
    },
    "model": "udata.cv",
    "pk": 172
},
{
    "fields": {
        "abilities": [],
        "human": 15,
        "title": "new test",
        "awards": [],
        "template": 3,
        "works": [
            34
        ],
        "studies": [
            66,
            65,
            64
        ],
        "public": true
    },
    "model": "udata.cv",
    "pk": 173
},
{
    "fields": {
        "abilities": [],
        "human": 15,
        "title": "new test",
        "awards": [],
        "template": 3,
        "works": [
            34
        ],
        "studies": [
            66,
            65,
            64
        ],
        "public": true
    },
    "model": "udata.cv",
    "pk": 174
},
{
    "fields": {
        "abilities": [],
        "human": 15,
        "title": "new test",
        "awards": [],
        "template": 3,
        "works": [
            34
        ],
        "studies": [
            66,
            65,
            64
        ],
        "public": true
    },
    "model": "udata.cv",
    "pk": 175
},
{
    "fields": {
        "abilities": [],
        "human": 15,
        "title": "new test",
        "awards": [],
        "template": 3,
        "works": [
            34
        ],
        "studies": [
            66,
            65,
            64
        ],
        "public": true
    },
    "model": "udata.cv",
    "pk": 176
},
{
    "fields": {
        "abilities": [],
        "human": 15,
        "title": "new test",
        "awards": [],
        "template": 3,
        "works": [
            34
        ],
        "studies": [
            66,
            65,
            64
        ],
        "public": true
    },
    "model": "udata.cv",
    "pk": 177
},
{
    "fields": {
        "abilities": [],
        "human": 15,
        "title": "new test",
        "awards": [],
        "template": 3,
        "works": [
            34
        ],
        "studies": [
            66,
            65,
            64
        ],
        "public": true
    },
    "model": "udata.cv",
    "pk": 178
},
{
    "fields": {
        "abilities": [],
        "human": 15,
        "title": "new test",
        "awards": [],
        "template": 3,
        "works": [
            34
        ],
        "studies": [
            66,
            65,
            64
        ],
        "public": true
    },
    "model": "udata.cv",
    "pk": 179
},
{
    "fields": {
        "abilities": [],
        "human": 15,
        "title": "new test",
        "awards": [],
        "template": 3,
        "works": [
            34
        ],
        "studies": [
            66,
            65,
            64
        ],
        "public": true
    },
    "model": "udata.cv",
    "pk": 180
},
{
    "fields": {
        "abilities": [],
        "human": 15,
        "title": "new test",
        "awards": [],
        "template": 3,
        "works": [
            34
        ],
        "studies": [
            66,
            65,
            64
        ],
        "public": true
    },
    "model": "udata.cv",
    "pk": 181
},
{
    "fields": {
        "abilities": [],
        "human": 15,
        "title": "new test",
        "awards": [],
        "template": 3,
        "works": [
            34
        ],
        "studies": [
            66,
            65,
            64
        ],
        "public": true
    },
    "model": "udata.cv",
    "pk": 182
},
{
    "fields": {
        "abilities": [],
        "human": 15,
        "title": "new test",
        "awards": [],
        "template": 3,
        "works": [
            34
        ],
        "studies": [
            66,
            65,
            64
        ],
        "public": true
    },
    "model": "udata.cv",
    "pk": 183
},
{
    "fields": {
        "abilities": [],
        "human": 15,
        "title": "new test",
        "awards": [],
        "template": 3,
        "works": [
            34
        ],
        "studies": [
            66,
            65,
            64
        ],
        "public": true
    },
    "model": "udata.cv",
    "pk": 184
},
{
    "fields": {
        "abilities": [],
        "human": 15,
        "title": "new test",
        "awards": [],
        "template": 3,
        "works": [
            34
        ],
        "studies": [
            66,
            65,
            64
        ],
        "public": true
    },
    "model": "udata.cv",
    "pk": 185
},
{
    "fields": {
        "abilities": [],
        "human": 15,
        "title": "new test",
        "awards": [],
        "template": 3,
        "works": [
            34
        ],
        "studies": [
            66,
            65,
            64
        ],
        "public": true
    },
    "model": "udata.cv",
    "pk": 186
},
{
    "fields": {
        "abilities": [],
        "human": 15,
        "title": "new test",
        "awards": [],
        "template": 3,
        "works": [
            34
        ],
        "studies": [
            66,
            65,
            64
        ],
        "public": true
    },
    "model": "udata.cv",
    "pk": 187
},
{
    "fields": {
        "abilities": [],
        "human": 15,
        "title": "new test",
        "awards": [],
        "template": 3,
        "works": [
            34
        ],
        "studies": [
            66,
            65,
            64
        ],
        "public": true
    },
    "model": "udata.cv",
    "pk": 188
},
{
    "fields": {
        "abilities": [],
        "human": 15,
        "title": "tyutyurt",
        "awards": [],
        "template": 3,
        "works": [
            34
        ],
        "studies": [
            66,
            65,
            64
        ],
        "public": true
    },
    "model": "udata.cv",
    "pk": 189
},
{
    "fields": {
        "abilities": [],
        "human": 15,
        "title": "tyutyurt",
        "awards": [],
        "template": 3,
        "works": [
            34
        ],
        "studies": [
            66,
            65,
            64
        ],
        "public": true
    },
    "model": "udata.cv",
    "pk": 190
},
{
    "fields": {
        "abilities": [],
        "human": 15,
        "title": "tyutyurt",
        "awards": [],
        "template": 3,
        "works": [
            34
        ],
        "studies": [
            66,
            65,
            64
        ],
        "public": true
    },
    "model": "udata.cv",
    "pk": 191
},
{
    "fields": {
        "abilities": [],
        "human": 15,
        "title": "tyutyurt",
        "awards": [],
        "template": 3,
        "works": [
            34
        ],
        "studies": [
            66,
            65,
            64
        ],
        "public": true
    },
    "model": "udata.cv",
    "pk": 192
},
{
    "fields": {
        "abilities": [],
        "human": 15,
        "title": "tyutyurt",
        "awards": [],
        "template": 3,
        "works": [
            34
        ],
        "studies": [
            66,
            65,
            64
        ],
        "public": true
    },
    "model": "udata.cv",
    "pk": 193
},
{
    "fields": {
        "abilities": [],
        "human": 15,
        "title": "cvbfg",
        "awards": [],
        "template": 3,
        "works": [
            34
        ],
        "studies": [
            66,
            65,
            64
        ],
        "public": true
    },
    "model": "udata.cv",
    "pk": 194
},
{
    "fields": {
        "abilities": [],
        "human": 15,
        "title": "cvbfg",
        "awards": [],
        "template": 3,
        "works": [
            34
        ],
        "studies": [
            66,
            65,
            64
        ],
        "public": true
    },
    "model": "udata.cv",
    "pk": 195
},
{
    "fields": {
        "abilities": [],
        "human": 15,
        "title": "cvbfg",
        "awards": [],
        "template": 3,
        "works": [
            34
        ],
        "studies": [
            66,
            65,
            64
        ],
        "public": true
    },
    "model": "udata.cv",
    "pk": 196
},
{
    "fields": {
        "abilities": [],
        "human": 15,
        "title": "cvbfg",
        "awards": [],
        "template": 3,
        "works": [
            34
        ],
        "studies": [
            66,
            65,
            64
        ],
        "public": true
    },
    "model": "udata.cv",
    "pk": 197
},
{
    "fields": {
        "uid": "1097024043657387",
        "extra_data": "{\"access_token\": \"CAAMcBKO7NlEBAEBbibQHjSJFQCe77QY9VPt0KmZApcJ8luNwRLoAYMAWgE2xIVE8H1nwTIWD4PI7iwgZAVZAv9KnscIQpJ8DMhnTDxLErpWvHSR1jwHjMHiMgiP3a6khuPXWznaQPWVEAmpe8wJjNKTJT0rtyZAce8um3uHcEppa11uRMFwLAZAZCdLrjOitektOXxkQuFXi0uU4Pm8Q78\", \"expires\": \"5183999\", \"id\": \"1097024043657387\"}",
        "user": [
            "StelaRoman"
        ],
        "provider": "facebook"
    },
    "model": "default.usersocialauth",
    "pk": 2
},
{
    "fields": {
        "uid": "10206780741177590",
        "extra_data": "{\"access_token\": \"CAAMcBKO7NlEBACJVRgmPOR5DUuR1g8UkhmKTMth5gs7ZACcC1IdBRGYOWZCvikD2xXQuo97RSB0ZCuwF28lO1Hr5QvwrMsjRmM82dN9nGEEvv8M5pYb6ZB8i45GGyA9DHvZAED0q8p8MT9uWSx9k25O7rposc07cv1ZCgL4odexMyRT3V64ipoIeUBz5tNsS17VfgJl0Eb3ZB1H2wLZC3HCQ\", \"expires\": \"5183871\", \"id\": \"10206780741177590\"}",
        "user": [
            "ValentinaFurmanova"
        ],
        "provider": "facebook"
    },
    "model": "default.usersocialauth",
    "pk": 3
},
{
    "fields": {
        "uid": "886023938107082",
        "extra_data": "{\"access_token\": \"CAAMcBKO7NlEBAFY4GX4SANPSGZAajkCtnAo74FXqsuoHT5dLuL0NZCHUEW4u3I87rgHYo69GBU2LN92M5TuzPD5UqM8fnr184e8zwpbyVCGqnc85jxd3PZA4GTmEHlUhDysZApRWZBbZCTNoZAnfFkbBxR1x52VdE7erkhVtl5ZBGIW0Np8dL4ZBONGvcnFPC52sWsTxeapraguNe6dNLCHZAg\", \"expires\": \"5183999\", \"id\": \"886023938107082\"}",
        "user": [
            "ViorelRoman"
        ],
        "provider": "facebook"
    },
    "model": "default.usersocialauth",
    "pk": 5
},
{
    "fields": {
        "action_flag": 1,
        "action_time": "2015-03-23T09:06:19Z",
        "object_repr": "A1",
        "object_id": "1",
        "change_message": "",
        "user": [
            "nixon"
        ],
        "content_type": [
            "udata",
            "langskillval"
        ]
    },
    "model": "admin.logentry",
    "pk": 1
},
{
    "fields": {
        "action_flag": 1,
        "action_time": "2015-03-23T09:06:21Z",
        "object_repr": "A2",
        "object_id": "2",
        "change_message": "",
        "user": [
            "nixon"
        ],
        "content_type": [
            "udata",
            "langskillval"
        ]
    },
    "model": "admin.logentry",
    "pk": 2
},
{
    "fields": {
        "action_flag": 1,
        "action_time": "2015-03-23T09:06:25Z",
        "object_repr": "A3",
        "object_id": "3",
        "change_message": "",
        "user": [
            "nixon"
        ],
        "content_type": [
            "udata",
            "langskillval"
        ]
    },
    "model": "admin.logentry",
    "pk": 3
},
{
    "fields": {
        "action_flag": 2,
        "action_time": "2015-03-23T09:06:33Z",
        "object_repr": "B1",
        "object_id": "3",
        "change_message": "S-a schimbat title.",
        "user": [
            "nixon"
        ],
        "content_type": [
            "udata",
            "langskillval"
        ]
    },
    "model": "admin.logentry",
    "pk": 4
},
{
    "fields": {
        "action_flag": 1,
        "action_time": "2015-03-23T09:06:37Z",
        "object_repr": "B2",
        "object_id": "4",
        "change_message": "",
        "user": [
            "nixon"
        ],
        "content_type": [
            "udata",
            "langskillval"
        ]
    },
    "model": "admin.logentry",
    "pk": 5
},
{
    "fields": {
        "action_flag": 1,
        "action_time": "2015-03-23T09:06:38Z",
        "object_repr": "C1",
        "object_id": "5",
        "change_message": "",
        "user": [
            "nixon"
        ],
        "content_type": [
            "udata",
            "langskillval"
        ]
    },
    "model": "admin.logentry",
    "pk": 6
},
{
    "fields": {
        "action_flag": 1,
        "action_time": "2015-03-23T09:06:41Z",
        "object_repr": "C2",
        "object_id": "6",
        "change_message": "",
        "user": [
            "nixon"
        ],
        "content_type": [
            "udata",
            "langskillval"
        ]
    },
    "model": "admin.logentry",
    "pk": 7
},
{
    "fields": {
        "action_flag": 1,
        "action_time": "2015-03-23T09:09:21Z",
        "object_repr": "Viorel Roman",
        "object_id": "1",
        "change_message": "",
        "user": [
            "nixon"
        ],
        "content_type": [
            "udata",
            "human"
        ]
    },
    "model": "admin.logentry",
    "pk": 8
},
{
    "fields": {
        "action_flag": 1,
        "action_time": "2015-03-23T09:10:25Z",
        "object_repr": "Liceul \"Stefan cel Mare\", or. Rezina",
        "object_id": "1",
        "change_message": "",
        "user": [
            "nixon"
        ],
        "content_type": [
            "udata",
            "study"
        ]
    },
    "model": "admin.logentry",
    "pk": 9
},
{
    "fields": {
        "action_flag": 1,
        "action_time": "2015-03-23T09:10:58Z",
        "object_repr": "Universitatea Libera Internationala din Moldova",
        "object_id": "2",
        "change_message": "",
        "user": [
            "nixon"
        ],
        "content_type": [
            "udata",
            "study"
        ]
    },
    "model": "admin.logentry",
    "pk": 10
},
{
    "fields": {
        "action_flag": 1,
        "action_time": "2015-03-23T09:11:43Z",
        "object_repr": "CJI",
        "object_id": "3",
        "change_message": "",
        "user": [
            "nixon"
        ],
        "content_type": [
            "udata",
            "study"
        ]
    },
    "model": "admin.logentry",
    "pk": 11
},
{
    "fields": {
        "action_flag": 1,
        "action_time": "2015-03-23T09:12:29Z",
        "object_repr": "ziarul \"Democratia\"",
        "object_id": "1",
        "change_message": "",
        "user": [
            "nixon"
        ],
        "content_type": [
            "udata",
            "work"
        ]
    },
    "model": "admin.logentry",
    "pk": 12
},
{
    "fields": {
        "action_flag": 1,
        "action_time": "2015-03-23T09:12:53Z",
        "object_repr": "Curierul Vamal",
        "object_id": "2",
        "change_message": "",
        "user": [
            "nixon"
        ],
        "content_type": [
            "udata",
            "work"
        ]
    },
    "model": "admin.logentry",
    "pk": 13
},
{
    "fields": {
        "action_flag": 1,
        "action_time": "2015-03-23T09:14:09Z",
        "object_repr": "ziarul \"Literatura si Arta\"",
        "object_id": "3",
        "change_message": "",
        "user": [
            "nixon"
        ],
        "content_type": [
            "udata",
            "work"
        ]
    },
    "model": "admin.logentry",
    "pk": 14
},
{
    "fields": {
        "action_flag": 1,
        "action_time": "2015-03-23T09:15:21Z",
        "object_repr": "SRL \"Leg&Co\"",
        "object_id": "4",
        "change_message": "",
        "user": [
            "nixon"
        ],
        "content_type": [
            "udata",
            "work"
        ]
    },
    "model": "admin.logentry",
    "pk": 15
},
{
    "fields": {
        "action_flag": 1,
        "action_time": "2015-03-23T09:16:15Z",
        "object_repr": "BinaSystems",
        "object_id": "5",
        "change_message": "",
        "user": [
            "nixon"
        ],
        "content_type": [
            "udata",
            "work"
        ]
    },
    "model": "admin.logentry",
    "pk": 16
},
{
    "fields": {
        "action_flag": 1,
        "action_time": "2015-03-23T09:20:14Z",
        "object_repr": "Sisteme de operare",
        "object_id": "1",
        "change_message": "",
        "user": [
            "nixon"
        ],
        "content_type": [
            "udata",
            "ability"
        ]
    },
    "model": "admin.logentry",
    "pk": 17
},
{
    "fields": {
        "action_flag": 1,
        "action_time": "2015-03-23T09:20:41Z",
        "object_repr": "Limbaje de programare",
        "object_id": "2",
        "change_message": "",
        "user": [
            "nixon"
        ],
        "content_type": [
            "udata",
            "ability"
        ]
    },
    "model": "admin.logentry",
    "pk": 18
},
{
    "fields": {
        "action_flag": 1,
        "action_time": "2015-03-23T09:21:19Z",
        "object_repr": "Paginare",
        "object_id": "3",
        "change_message": "",
        "user": [
            "nixon"
        ],
        "content_type": [
            "udata",
            "ability"
        ]
    },
    "model": "admin.logentry",
    "pk": 19
},
{
    "fields": {
        "action_flag": 1,
        "action_time": "2015-03-23T09:26:17Z",
        "object_repr": "Procesare grafica",
        "object_id": "4",
        "change_message": "",
        "user": [
            "nixon"
        ],
        "content_type": [
            "udata",
            "ability"
        ]
    },
    "model": "admin.logentry",
    "pk": 20
},
{
    "fields": {
        "action_flag": 1,
        "action_time": "2015-03-23T09:26:32Z",
        "object_repr": "Grafica vectoriala",
        "object_id": "5",
        "change_message": "",
        "user": [
            "nixon"
        ],
        "content_type": [
            "udata",
            "ability"
        ]
    },
    "model": "admin.logentry",
    "pk": 21
},
{
    "fields": {
        "action_flag": 1,
        "action_time": "2015-03-23T09:47:10Z",
        "object_repr": "Romanian",
        "object_id": "1",
        "change_message": "",
        "user": [
            "nixon"
        ],
        "content_type": [
            "udata",
            "language"
        ]
    },
    "model": "admin.logentry",
    "pk": 22
},
{
    "fields": {
        "action_flag": 1,
        "action_time": "2015-03-23T09:47:22Z",
        "object_repr": "Romanian",
        "object_id": "1",
        "change_message": "",
        "user": [
            "nixon"
        ],
        "content_type": [
            "udata",
            "langskill"
        ]
    },
    "model": "admin.logentry",
    "pk": 23
},
{
    "fields": {
        "action_flag": 1,
        "action_time": "2015-03-23T09:47:29Z",
        "object_repr": "Russian",
        "object_id": "2",
        "change_message": "",
        "user": [
            "nixon"
        ],
        "content_type": [
            "udata",
            "language"
        ]
    },
    "model": "admin.logentry",
    "pk": 24
},
{
    "fields": {
        "action_flag": 1,
        "action_time": "2015-03-23T09:47:36Z",
        "object_repr": "Russian",
        "object_id": "2",
        "change_message": "",
        "user": [
            "nixon"
        ],
        "content_type": [
            "udata",
            "langskill"
        ]
    },
    "model": "admin.logentry",
    "pk": 25
},
{
    "fields": {
        "action_flag": 1,
        "action_time": "2015-03-23T09:47:42Z",
        "object_repr": "English",
        "object_id": "3",
        "change_message": "",
        "user": [
            "nixon"
        ],
        "content_type": [
            "udata",
            "language"
        ]
    },
    "model": "admin.logentry",
    "pk": 26
},
{
    "fields": {
        "action_flag": 1,
        "action_time": "2015-03-23T09:47:58Z",
        "object_repr": "English",
        "object_id": "3",
        "change_message": "",
        "user": [
            "nixon"
        ],
        "content_type": [
            "udata",
            "langskill"
        ]
    },
    "model": "admin.logentry",
    "pk": 27
},
{
    "fields": {
        "action_flag": 1,
        "action_time": "2015-03-23T15:13:16Z",
        "object_repr": "1",
        "object_id": "1",
        "change_message": "",
        "user": [
            "nixon"
        ],
        "content_type": [
            "udata",
            "cvtemplate"
        ]
    },
    "model": "admin.logentry",
    "pk": 28
},
{
    "fields": {
        "action_flag": 2,
        "action_time": "2015-04-13T14:40:09Z",
        "object_repr": "1",
        "object_id": "1",
        "change_message": "S-a schimbat text.",
        "user": [
            "nixon"
        ],
        "content_type": [
            "udata",
            "cvtemplate"
        ]
    },
    "model": "admin.logentry",
    "pk": 29
},
{
    "fields": {
        "action_flag": 2,
        "action_time": "2015-04-14T10:07:28Z",
        "object_repr": "1",
        "object_id": "1",
        "change_message": "S-a schimbat text.",
        "user": [
            "nixon"
        ],
        "content_type": [
            "udata",
            "cvtemplate"
        ]
    },
    "model": "admin.logentry",
    "pk": 30
},
{
    "fields": {
        "action_flag": 1,
        "action_time": "2015-04-14T10:09:12Z",
        "object_repr": "Tinarul Anului 2003",
        "object_id": "1",
        "change_message": "",
        "user": [
            "nixon"
        ],
        "content_type": [
            "udata",
            "awards"
        ]
    },
    "model": "admin.logentry",
    "pk": 31
},
{
    "fields": {
        "action_flag": 1,
        "action_time": "2015-04-14T10:09:22Z",
        "object_repr": "Modern CV",
        "object_id": "1",
        "change_message": "",
        "user": [
            "nixon"
        ],
        "content_type": [
            "udata",
            "cv"
        ]
    },
    "model": "admin.logentry",
    "pk": 32
},
{
    "fields": {
        "action_flag": 2,
        "action_time": "2015-04-14T10:12:03Z",
        "object_repr": "1",
        "object_id": "1",
        "change_message": "S-a schimbat text.",
        "user": [
            "nixon"
        ],
        "content_type": [
            "udata",
            "cvtemplate"
        ]
    },
    "model": "admin.logentry",
    "pk": 33
},
{
    "fields": {
        "action_flag": 2,
        "action_time": "2015-04-14T10:13:42Z",
        "object_repr": "1",
        "object_id": "1",
        "change_message": "S-a schimbat text.",
        "user": [
            "nixon"
        ],
        "content_type": [
            "udata",
            "cvtemplate"
        ]
    },
    "model": "admin.logentry",
    "pk": 34
},
{
    "fields": {
        "action_flag": 2,
        "action_time": "2015-04-14T10:17:08Z",
        "object_repr": "1",
        "object_id": "1",
        "change_message": "S-a schimbat text.",
        "user": [
            "nixon"
        ],
        "content_type": [
            "udata",
            "cvtemplate"
        ]
    },
    "model": "admin.logentry",
    "pk": 35
},
{
    "fields": {
        "action_flag": 2,
        "action_time": "2015-04-14T10:19:57Z",
        "object_repr": "1",
        "object_id": "1",
        "change_message": "S-a schimbat text.",
        "user": [
            "nixon"
        ],
        "content_type": [
            "udata",
            "cvtemplate"
        ]
    },
    "model": "admin.logentry",
    "pk": 36
},
{
    "fields": {
        "action_flag": 2,
        "action_time": "2015-04-14T10:22:43Z",
        "object_repr": "1",
        "object_id": "1",
        "change_message": "S-a schimbat text.",
        "user": [
            "nixon"
        ],
        "content_type": [
            "udata",
            "cvtemplate"
        ]
    },
    "model": "admin.logentry",
    "pk": 37
},
{
    "fields": {
        "action_flag": 2,
        "action_time": "2015-04-14T10:31:32Z",
        "object_repr": "1",
        "object_id": "1",
        "change_message": "S-a schimbat text.",
        "user": [
            "nixon"
        ],
        "content_type": [
            "udata",
            "cvtemplate"
        ]
    },
    "model": "admin.logentry",
    "pk": 38
},
{
    "fields": {
        "action_flag": 2,
        "action_time": "2015-04-14T10:34:12Z",
        "object_repr": "1",
        "object_id": "1",
        "change_message": "S-a schimbat text.",
        "user": [
            "nixon"
        ],
        "content_type": [
            "udata",
            "cvtemplate"
        ]
    },
    "model": "admin.logentry",
    "pk": 39
},
{
    "fields": {
        "action_flag": 2,
        "action_time": "2015-04-14T10:36:18Z",
        "object_repr": "1",
        "object_id": "1",
        "change_message": "S-a schimbat text.",
        "user": [
            "nixon"
        ],
        "content_type": [
            "udata",
            "cvtemplate"
        ]
    },
    "model": "admin.logentry",
    "pk": 40
},
{
    "fields": {
        "action_flag": 1,
        "action_time": "2015-04-14T10:39:08Z",
        "object_repr": "IT",
        "object_id": "2",
        "change_message": "",
        "user": [
            "nixon"
        ],
        "content_type": [
            "udata",
            "cv"
        ]
    },
    "model": "admin.logentry",
    "pk": 41
},
{
    "fields": {
        "action_flag": 2,
        "action_time": "2015-04-14T10:39:30Z",
        "object_repr": "SRL \"Leg\\&Co\"",
        "object_id": "4",
        "change_message": "S-a schimbat inst.",
        "user": [
            "nixon"
        ],
        "content_type": [
            "udata",
            "work"
        ]
    },
    "model": "admin.logentry",
    "pk": 42
},
{
    "fields": {
        "action_flag": 2,
        "action_time": "2015-04-14T10:45:09Z",
        "object_repr": "1",
        "object_id": "1",
        "change_message": "S-a schimbat text.",
        "user": [
            "nixon"
        ],
        "content_type": [
            "udata",
            "cvtemplate"
        ]
    },
    "model": "admin.logentry",
    "pk": 44
},
{
    "fields": {
        "action_flag": 2,
        "action_time": "2015-04-14T10:55:38Z",
        "object_repr": "1",
        "object_id": "1",
        "change_message": "S-a schimbat text.",
        "user": [
            "nixon"
        ],
        "content_type": [
            "udata",
            "cvtemplate"
        ]
    },
    "model": "admin.logentry",
    "pk": 45
},
{
    "fields": {
        "action_flag": 2,
        "action_time": "2015-04-14T10:59:05Z",
        "object_repr": "1",
        "object_id": "1",
        "change_message": "S-a schimbat text.",
        "user": [
            "nixon"
        ],
        "content_type": [
            "udata",
            "cvtemplate"
        ]
    },
    "model": "admin.logentry",
    "pk": 46
},
{
    "fields": {
        "action_flag": 2,
        "action_time": "2015-04-14T11:00:40Z",
        "object_repr": "1",
        "object_id": "1",
        "change_message": "S-a schimbat text.",
        "user": [
            "nixon"
        ],
        "content_type": [
            "udata",
            "cvtemplate"
        ]
    },
    "model": "admin.logentry",
    "pk": 47
},
{
    "fields": {
        "action_flag": 2,
        "action_time": "2015-04-14T11:02:02Z",
        "object_repr": "1",
        "object_id": "1",
        "change_message": "S-a schimbat text.",
        "user": [
            "nixon"
        ],
        "content_type": [
            "udata",
            "cvtemplate"
        ]
    },
    "model": "admin.logentry",
    "pk": 48
},
{
    "fields": {
        "action_flag": 2,
        "action_time": "2015-04-14T11:02:44Z",
        "object_repr": "1",
        "object_id": "1",
        "change_message": "Niciun c\u00e2mp modificat.",
        "user": [
            "nixon"
        ],
        "content_type": [
            "udata",
            "cvtemplate"
        ]
    },
    "model": "admin.logentry",
    "pk": 49
},
{
    "fields": {
        "action_flag": 2,
        "action_time": "2015-04-14T11:03:48Z",
        "object_repr": "1",
        "object_id": "1",
        "change_message": "S-a schimbat text.",
        "user": [
            "nixon"
        ],
        "content_type": [
            "udata",
            "cvtemplate"
        ]
    },
    "model": "admin.logentry",
    "pk": 50
},
{
    "fields": {
        "action_flag": 2,
        "action_time": "2015-04-14T11:07:02Z",
        "object_repr": "1",
        "object_id": "1",
        "change_message": "S-a schimbat text.",
        "user": [
            "nixon"
        ],
        "content_type": [
            "udata",
            "cvtemplate"
        ]
    },
    "model": "admin.logentry",
    "pk": 51
},
{
    "fields": {
        "action_flag": 2,
        "action_time": "2015-04-14T11:08:29Z",
        "object_repr": "1",
        "object_id": "1",
        "change_message": "S-a schimbat text.",
        "user": [
            "nixon"
        ],
        "content_type": [
            "udata",
            "cvtemplate"
        ]
    },
    "model": "admin.logentry",
    "pk": 52
},
{
    "fields": {
        "action_flag": 1,
        "action_time": "2015-04-14T13:37:10Z",
        "object_repr": "Journalism",
        "object_id": "3",
        "change_message": "",
        "user": [
            "nixon"
        ],
        "content_type": [
            "udata",
            "cv"
        ]
    },
    "model": "admin.logentry",
    "pk": 53
},
{
    "fields": {
        "action_flag": 2,
        "action_time": "2015-04-14T13:53:46Z",
        "object_repr": "Journalism",
        "object_id": "3",
        "change_message": "Niciun c\u00e2mp modificat.",
        "user": [
            "nixon"
        ],
        "content_type": [
            "udata",
            "cv"
        ]
    },
    "model": "admin.logentry",
    "pk": 54
},
{
    "fields": {
        "action_flag": 2,
        "action_time": "2015-04-14T13:58:04Z",
        "object_repr": "1",
        "object_id": "1",
        "change_message": "S-a schimbat text.",
        "user": [
            "nixon"
        ],
        "content_type": [
            "udata",
            "cvtemplate"
        ]
    },
    "model": "admin.logentry",
    "pk": 55
},
{
    "fields": {
        "action_flag": 2,
        "action_time": "2015-04-14T14:16:35Z",
        "object_repr": "1",
        "object_id": "1",
        "change_message": "S-a schimbat text.",
        "user": [
            "nixon"
        ],
        "content_type": [
            "udata",
            "cvtemplate"
        ]
    },
    "model": "admin.logentry",
    "pk": 56
},
{
    "fields": {
        "action_flag": 2,
        "action_time": "2015-04-14T14:17:51Z",
        "object_repr": "Liceul \"Stefan cel Mare\", or. Rezina",
        "object_id": "1",
        "change_message": "Niciun c\u00e2mp modificat.",
        "user": [
            "nixon"
        ],
        "content_type": [
            "udata",
            "study"
        ]
    },
    "model": "admin.logentry",
    "pk": 57
},
{
    "fields": {
        "action_flag": 2,
        "action_time": "2015-04-14T14:20:27Z",
        "object_repr": "1",
        "object_id": "1",
        "change_message": "S-a schimbat text.",
        "user": [
            "nixon"
        ],
        "content_type": [
            "udata",
            "cvtemplate"
        ]
    },
    "model": "admin.logentry",
    "pk": 58
},
{
    "fields": {
        "action_flag": 2,
        "action_time": "2015-04-14T14:22:26Z",
        "object_repr": "1",
        "object_id": "1",
        "change_message": "S-a schimbat text.",
        "user": [
            "nixon"
        ],
        "content_type": [
            "udata",
            "cvtemplate"
        ]
    },
    "model": "admin.logentry",
    "pk": 59
},
{
    "fields": {
        "action_flag": 2,
        "action_time": "2015-04-14T14:23:21Z",
        "object_repr": "1",
        "object_id": "1",
        "change_message": "S-a schimbat text.",
        "user": [
            "nixon"
        ],
        "content_type": [
            "udata",
            "cvtemplate"
        ]
    },
    "model": "admin.logentry",
    "pk": 60
},
{
    "fields": {
        "action_flag": 2,
        "action_time": "2015-04-14T14:25:01Z",
        "object_repr": "ziarul \"Democratia\"",
        "object_id": "1",
        "change_message": "S-a schimbat comments.",
        "user": [
            "nixon"
        ],
        "content_type": [
            "udata",
            "work"
        ]
    },
    "model": "admin.logentry",
    "pk": 61
},
{
    "fields": {
        "action_flag": 2,
        "action_time": "2015-04-14T14:25:31Z",
        "object_repr": "Curierul Vamal",
        "object_id": "2",
        "change_message": "S-a schimbat comments.",
        "user": [
            "nixon"
        ],
        "content_type": [
            "udata",
            "work"
        ]
    },
    "model": "admin.logentry",
    "pk": 62
},
{
    "fields": {
        "action_flag": 2,
        "action_time": "2015-04-14T14:25:51Z",
        "object_repr": "ziarul \"Literatura si Arta\"",
        "object_id": "3",
        "change_message": "S-a schimbat comments.",
        "user": [
            "nixon"
        ],
        "content_type": [
            "udata",
            "work"
        ]
    },
    "model": "admin.logentry",
    "pk": 63
},
{
    "fields": {
        "action_flag": 1,
        "action_time": "2015-04-14T14:26:50Z",
        "object_repr": "Ziarul \"Cuvantul\", Rezina",
        "object_id": "6",
        "change_message": "",
        "user": [
            "nixon"
        ],
        "content_type": [
            "udata",
            "work"
        ]
    },
    "model": "admin.logentry",
    "pk": 64
},
{
    "fields": {
        "action_flag": 1,
        "action_time": "2015-04-14T14:28:16Z",
        "object_repr": "ziarul \"SMS Market\"",
        "object_id": "7",
        "change_message": "",
        "user": [
            "nixon"
        ],
        "content_type": [
            "udata",
            "work"
        ]
    },
    "model": "admin.logentry",
    "pk": 65
},
{
    "fields": {
        "action_flag": 2,
        "action_time": "2015-04-14T14:28:49Z",
        "object_repr": "Journalism",
        "object_id": "3",
        "change_message": "S-a schimbat works.",
        "user": [
            "nixon"
        ],
        "content_type": [
            "udata",
            "cv"
        ]
    },
    "model": "admin.logentry",
    "pk": 66
},
{
    "fields": {
        "action_flag": 2,
        "action_time": "2015-04-14T14:28:59Z",
        "object_repr": "IT",
        "object_id": "2",
        "change_message": "S-a schimbat works.",
        "user": [
            "nixon"
        ],
        "content_type": [
            "udata",
            "cv"
        ]
    },
    "model": "admin.logentry",
    "pk": 67
},
{
    "fields": {
        "action_flag": 2,
        "action_time": "2015-04-14T14:29:08Z",
        "object_repr": "Modern CV",
        "object_id": "1",
        "change_message": "S-a schimbat works.",
        "user": [
            "nixon"
        ],
        "content_type": [
            "udata",
            "cv"
        ]
    },
    "model": "admin.logentry",
    "pk": 68
},
{
    "fields": {
        "action_flag": 1,
        "action_time": "2015-04-14T15:01:52Z",
        "object_repr": "Deedy CV",
        "object_id": "2",
        "change_message": "",
        "user": [
            "nixon"
        ],
        "content_type": [
            "udata",
            "cvtemplate"
        ]
    },
    "model": "admin.logentry",
    "pk": 69
},
{
    "fields": {
        "action_flag": 2,
        "action_time": "2015-04-14T15:02:05Z",
        "object_repr": "IT",
        "object_id": "2",
        "change_message": "S-a schimbat template.",
        "user": [
            "nixon"
        ],
        "content_type": [
            "udata",
            "cv"
        ]
    },
    "model": "admin.logentry",
    "pk": 70
},
{
    "fields": {
        "action_flag": 2,
        "action_time": "2015-04-14T15:06:44Z",
        "object_repr": "Deedy CV",
        "object_id": "2",
        "change_message": "S-a schimbat text.",
        "user": [
            "nixon"
        ],
        "content_type": [
            "udata",
            "cvtemplate"
        ]
    },
    "model": "admin.logentry",
    "pk": 71
},
{
    "fields": {
        "action_flag": 2,
        "action_time": "2015-04-14T15:09:41Z",
        "object_repr": "Modern CV",
        "object_id": "1",
        "change_message": "S-a schimbat template.",
        "user": [
            "nixon"
        ],
        "content_type": [
            "udata",
            "cv"
        ]
    },
    "model": "admin.logentry",
    "pk": 72
},
{
    "fields": {
        "action_flag": 1,
        "action_time": "2015-04-15T07:20:40Z",
        "object_repr": "Friggery",
        "object_id": "3",
        "change_message": "",
        "user": [
            "nixon"
        ],
        "content_type": [
            "udata",
            "cvtemplate"
        ]
    },
    "model": "admin.logentry",
    "pk": 73
},
{
    "fields": {
        "action_flag": 2,
        "action_time": "2015-04-15T07:58:24Z",
        "object_repr": "Friggery",
        "object_id": "3",
        "change_message": "S-a schimbat text.",
        "user": [
            "nixon"
        ],
        "content_type": [
            "udata",
            "cvtemplate"
        ]
    },
    "model": "admin.logentry",
    "pk": 74
},
{
    "fields": {
        "action_flag": 2,
        "action_time": "2015-04-15T07:58:38Z",
        "object_repr": "IT",
        "object_id": "2",
        "change_message": "S-a schimbat template.",
        "user": [
            "nixon"
        ],
        "content_type": [
            "udata",
            "cv"
        ]
    },
    "model": "admin.logentry",
    "pk": 75
},
{
    "fields": {
        "action_flag": 2,
        "action_time": "2015-04-15T08:20:41Z",
        "object_repr": "Modern CV",
        "object_id": "1",
        "change_message": "S-a schimbat template.",
        "user": [
            "nixon"
        ],
        "content_type": [
            "udata",
            "cv"
        ]
    },
    "model": "admin.logentry",
    "pk": 76
},
{
    "fields": {
        "action_flag": 2,
        "action_time": "2015-04-15T08:25:37Z",
        "object_repr": "Friggery",
        "object_id": "3",
        "change_message": "Niciun c\u00e2mp modificat.",
        "user": [
            "nixon"
        ],
        "content_type": [
            "udata",
            "cvtemplate"
        ]
    },
    "model": "admin.logentry",
    "pk": 77
},
{
    "fields": {
        "action_flag": 2,
        "action_time": "2015-04-15T08:25:58Z",
        "object_repr": "IT",
        "object_id": "2",
        "change_message": "S-a schimbat template.",
        "user": [
            "nixon"
        ],
        "content_type": [
            "udata",
            "cv"
        ]
    },
    "model": "admin.logentry",
    "pk": 78
},
{
    "fields": {
        "action_flag": 2,
        "action_time": "2015-04-15T08:28:07Z",
        "object_repr": "IT",
        "object_id": "2",
        "change_message": "S-a schimbat template.",
        "user": [
            "nixon"
        ],
        "content_type": [
            "udata",
            "cv"
        ]
    },
    "model": "admin.logentry",
    "pk": 79
},
{
    "fields": {
        "action_flag": 1,
        "action_time": "2015-04-15T09:22:29Z",
        "object_repr": "Antek-Mol",
        "object_id": "8",
        "change_message": "",
        "user": [
            "nixon"
        ],
        "content_type": [
            "udata",
            "work"
        ]
    },
    "model": "admin.logentry",
    "pk": 80
},
{
    "fields": {
        "action_flag": 2,
        "action_time": "2015-04-15T09:22:35Z",
        "object_repr": "IT",
        "object_id": "2",
        "change_message": "S-a schimbat works.",
        "user": [
            "nixon"
        ],
        "content_type": [
            "udata",
            "cv"
        ]
    },
    "model": "admin.logentry",
    "pk": 81
},
{
    "fields": {
        "action_flag": 2,
        "action_time": "2015-04-15T09:22:48Z",
        "object_repr": "Modern CV",
        "object_id": "1",
        "change_message": "S-a schimbat works.",
        "user": [
            "nixon"
        ],
        "content_type": [
            "udata",
            "cv"
        ]
    },
    "model": "admin.logentry",
    "pk": 82
},
{
    "fields": {
        "action_flag": 2,
        "action_time": "2015-04-15T09:31:35Z",
        "object_repr": "Modern CV",
        "object_id": "1",
        "change_message": "S-a schimbat title.",
        "user": [
            "nixon"
        ],
        "content_type": [
            "udata",
            "cvtemplate"
        ]
    },
    "model": "admin.logentry",
    "pk": 83
},
{
    "fields": {
        "action_flag": 2,
        "action_time": "2015-04-15T09:31:37Z",
        "object_repr": "Modern CV",
        "object_id": "1",
        "change_message": "Niciun c\u00e2mp modificat.",
        "user": [
            "nixon"
        ],
        "content_type": [
            "udata",
            "cvtemplate"
        ]
    },
    "model": "admin.logentry",
    "pk": 84
},
{
    "fields": {
        "action_flag": 2,
        "action_time": "2015-04-15T09:34:52Z",
        "object_repr": "Friggery",
        "object_id": "3",
        "change_message": "S-a schimbat text.",
        "user": [
            "nixon"
        ],
        "content_type": [
            "udata",
            "cvtemplate"
        ]
    },
    "model": "admin.logentry",
    "pk": 85
},
{
    "fields": {
        "action_flag": 2,
        "action_time": "2015-04-15T09:36:50Z",
        "object_repr": "Deedy CV",
        "object_id": "2",
        "change_message": "S-a schimbat text.",
        "user": [
            "nixon"
        ],
        "content_type": [
            "udata",
            "cvtemplate"
        ]
    },
    "model": "admin.logentry",
    "pk": 86
},
{
    "fields": {
        "action_flag": 2,
        "action_time": "2015-04-15T09:37:28Z",
        "object_repr": "ULIM",
        "object_id": "2",
        "change_message": "S-a schimbat inst.",
        "user": [
            "nixon"
        ],
        "content_type": [
            "udata",
            "study"
        ]
    },
    "model": "admin.logentry",
    "pk": 87
},
{
    "fields": {
        "action_flag": 2,
        "action_time": "2015-04-15T09:49:13Z",
        "object_repr": "Friggery",
        "object_id": "3",
        "change_message": "S-a schimbat text.",
        "user": [
            "nixon"
        ],
        "content_type": [
            "udata",
            "cvtemplate"
        ]
    },
    "model": "admin.logentry",
    "pk": 88
},
{
    "fields": {
        "action_flag": 2,
        "action_time": "2015-04-15T09:49:26Z",
        "object_repr": "Friggery",
        "object_id": "3",
        "change_message": "S-a schimbat text.",
        "user": [
            "nixon"
        ],
        "content_type": [
            "udata",
            "cvtemplate"
        ]
    },
    "model": "admin.logentry",
    "pk": 89
},
{
    "fields": {
        "action_flag": 2,
        "action_time": "2015-04-15T09:50:34Z",
        "object_repr": "Friggery",
        "object_id": "3",
        "change_message": "S-a schimbat text.",
        "user": [
            "nixon"
        ],
        "content_type": [
            "udata",
            "cvtemplate"
        ]
    },
    "model": "admin.logentry",
    "pk": 90
},
{
    "fields": {
        "action_flag": 2,
        "action_time": "2015-04-15T10:02:14Z",
        "object_repr": "Friggery",
        "object_id": "3",
        "change_message": "S-a schimbat text.",
        "user": [
            "nixon"
        ],
        "content_type": [
            "udata",
            "cvtemplate"
        ]
    },
    "model": "admin.logentry",
    "pk": 91
},
{
    "fields": {
        "action_flag": 2,
        "action_time": "2015-04-15T10:10:12Z",
        "object_repr": "Friggery",
        "object_id": "3",
        "change_message": "S-a schimbat text.",
        "user": [
            "nixon"
        ],
        "content_type": [
            "udata",
            "cvtemplate"
        ]
    },
    "model": "admin.logentry",
    "pk": 92
},
{
    "fields": {
        "action_flag": 2,
        "action_time": "2015-04-15T10:14:02Z",
        "object_repr": "Friggery",
        "object_id": "3",
        "change_message": "S-a schimbat text.",
        "user": [
            "nixon"
        ],
        "content_type": [
            "udata",
            "cvtemplate"
        ]
    },
    "model": "admin.logentry",
    "pk": 93
},
{
    "fields": {
        "action_flag": 2,
        "action_time": "2015-04-15T10:17:03Z",
        "object_repr": "Friggery",
        "object_id": "3",
        "change_message": "S-a schimbat text.",
        "user": [
            "nixon"
        ],
        "content_type": [
            "udata",
            "cvtemplate"
        ]
    },
    "model": "admin.logentry",
    "pk": 94
},
{
    "fields": {
        "action_flag": 2,
        "action_time": "2015-04-15T10:18:14Z",
        "object_repr": "Friggery",
        "object_id": "3",
        "change_message": "S-a schimbat text.",
        "user": [
            "nixon"
        ],
        "content_type": [
            "udata",
            "cvtemplate"
        ]
    },
    "model": "admin.logentry",
    "pk": 95
},
{
    "fields": {
        "action_flag": 2,
        "action_time": "2015-04-15T10:20:51Z",
        "object_repr": "Friggery",
        "object_id": "3",
        "change_message": "S-a schimbat text.",
        "user": [
            "nixon"
        ],
        "content_type": [
            "udata",
            "cvtemplate"
        ]
    },
    "model": "admin.logentry",
    "pk": 96
},
{
    "fields": {
        "action_flag": 2,
        "action_time": "2015-04-15T10:21:11Z",
        "object_repr": "Friggery",
        "object_id": "3",
        "change_message": "S-a schimbat text.",
        "user": [
            "nixon"
        ],
        "content_type": [
            "udata",
            "cvtemplate"
        ]
    },
    "model": "admin.logentry",
    "pk": 97
},
{
    "fields": {
        "action_flag": 2,
        "action_time": "2015-04-15T10:22:36Z",
        "object_repr": "Friggery",
        "object_id": "3",
        "change_message": "S-a schimbat text.",
        "user": [
            "nixon"
        ],
        "content_type": [
            "udata",
            "cvtemplate"
        ]
    },
    "model": "admin.logentry",
    "pk": 98
},
{
    "fields": {
        "action_flag": 2,
        "action_time": "2015-04-15T10:26:25Z",
        "object_repr": "Friggery",
        "object_id": "3",
        "change_message": "S-a schimbat text.",
        "user": [
            "nixon"
        ],
        "content_type": [
            "udata",
            "cvtemplate"
        ]
    },
    "model": "admin.logentry",
    "pk": 99
},
{
    "fields": {
        "action_flag": 2,
        "action_time": "2015-04-15T10:27:16Z",
        "object_repr": "Friggery",
        "object_id": "3",
        "change_message": "S-a schimbat text.",
        "user": [
            "nixon"
        ],
        "content_type": [
            "udata",
            "cvtemplate"
        ]
    },
    "model": "admin.logentry",
    "pk": 100
},
{
    "fields": {
        "action_flag": 2,
        "action_time": "2015-04-15T10:28:29Z",
        "object_repr": "Friggery",
        "object_id": "3",
        "change_message": "S-a schimbat text.",
        "user": [
            "nixon"
        ],
        "content_type": [
            "udata",
            "cvtemplate"
        ]
    },
    "model": "admin.logentry",
    "pk": 101
},
{
    "fields": {
        "action_flag": 2,
        "action_time": "2015-04-15T10:28:59Z",
        "object_repr": "Friggery",
        "object_id": "3",
        "change_message": "S-a schimbat text.",
        "user": [
            "nixon"
        ],
        "content_type": [
            "udata",
            "cvtemplate"
        ]
    },
    "model": "admin.logentry",
    "pk": 102
},
{
    "fields": {
        "action_flag": 2,
        "action_time": "2015-04-15T10:30:54Z",
        "object_repr": "Friggery",
        "object_id": "3",
        "change_message": "S-a schimbat text.",
        "user": [
            "nixon"
        ],
        "content_type": [
            "udata",
            "cvtemplate"
        ]
    },
    "model": "admin.logentry",
    "pk": 103
},
{
    "fields": {
        "action_flag": 2,
        "action_time": "2015-04-15T10:42:31Z",
        "object_repr": "Friggery",
        "object_id": "3",
        "change_message": "S-a schimbat text.",
        "user": [
            "nixon"
        ],
        "content_type": [
            "udata",
            "cvtemplate"
        ]
    },
    "model": "admin.logentry",
    "pk": 104
},
{
    "fields": {
        "action_flag": 2,
        "action_time": "2015-04-15T10:43:47Z",
        "object_repr": "Friggery",
        "object_id": "3",
        "change_message": "S-a schimbat text.",
        "user": [
            "nixon"
        ],
        "content_type": [
            "udata",
            "cvtemplate"
        ]
    },
    "model": "admin.logentry",
    "pk": 105
},
{
    "fields": {
        "action_flag": 2,
        "action_time": "2015-04-15T10:44:29Z",
        "object_repr": "Friggery",
        "object_id": "3",
        "change_message": "S-a schimbat text.",
        "user": [
            "nixon"
        ],
        "content_type": [
            "udata",
            "cvtemplate"
        ]
    },
    "model": "admin.logentry",
    "pk": 106
},
{
    "fields": {
        "action_flag": 2,
        "action_time": "2015-04-15T10:45:23Z",
        "object_repr": "Friggery",
        "object_id": "3",
        "change_message": "S-a schimbat text.",
        "user": [
            "nixon"
        ],
        "content_type": [
            "udata",
            "cvtemplate"
        ]
    },
    "model": "admin.logentry",
    "pk": 107
},
{
    "fields": {
        "action_flag": 2,
        "action_time": "2015-04-15T10:46:05Z",
        "object_repr": "Friggery",
        "object_id": "3",
        "change_message": "S-a schimbat text.",
        "user": [
            "nixon"
        ],
        "content_type": [
            "udata",
            "cvtemplate"
        ]
    },
    "model": "admin.logentry",
    "pk": 108
},
{
    "fields": {
        "action_flag": 2,
        "action_time": "2015-04-15T11:06:42Z",
        "object_repr": "Friggery",
        "object_id": "3",
        "change_message": "S-a schimbat text.",
        "user": [
            "nixon"
        ],
        "content_type": [
            "udata",
            "cvtemplate"
        ]
    },
    "model": "admin.logentry",
    "pk": 109
},
{
    "fields": {
        "action_flag": 2,
        "action_time": "2015-04-15T11:07:02Z",
        "object_repr": "Friggery",
        "object_id": "3",
        "change_message": "S-a schimbat text.",
        "user": [
            "nixon"
        ],
        "content_type": [
            "udata",
            "cvtemplate"
        ]
    },
    "model": "admin.logentry",
    "pk": 110
},
{
    "fields": {
        "action_flag": 2,
        "action_time": "2015-04-15T11:07:57Z",
        "object_repr": "Friggery",
        "object_id": "3",
        "change_message": "S-a schimbat text.",
        "user": [
            "nixon"
        ],
        "content_type": [
            "udata",
            "cvtemplate"
        ]
    },
    "model": "admin.logentry",
    "pk": 111
},
{
    "fields": {
        "action_flag": 2,
        "action_time": "2015-04-15T11:08:45Z",
        "object_repr": "Friggery",
        "object_id": "3",
        "change_message": "S-a schimbat text.",
        "user": [
            "nixon"
        ],
        "content_type": [
            "udata",
            "cvtemplate"
        ]
    },
    "model": "admin.logentry",
    "pk": 112
},
{
    "fields": {
        "action_flag": 2,
        "action_time": "2015-04-15T11:10:17Z",
        "object_repr": "Friggery",
        "object_id": "3",
        "change_message": "S-a schimbat text.",
        "user": [
            "nixon"
        ],
        "content_type": [
            "udata",
            "cvtemplate"
        ]
    },
    "model": "admin.logentry",
    "pk": 113
},
{
    "fields": {
        "action_flag": 2,
        "action_time": "2015-04-15T14:58:55Z",
        "object_repr": "Viorel Roman",
        "object_id": "1",
        "change_message": "Niciun c\u00e2mp modificat.",
        "user": [
            "nixon"
        ],
        "content_type": [
            "udata",
            "human"
        ]
    },
    "model": "admin.logentry",
    "pk": 114
},
{
    "fields": {
        "action_flag": 1,
        "action_time": "2015-04-24T06:23:09Z",
        "object_repr": "mart",
        "object_id": "2",
        "change_message": "",
        "user": [
            "nixon"
        ],
        "content_type": [
            "auth",
            "user"
        ]
    },
    "model": "admin.logentry",
    "pk": 115
},
{
    "fields": {
        "action_flag": 1,
        "action_time": "2015-04-24T07:14:37Z",
        "object_repr": "Valentina Marti\u015fenco",
        "object_id": "5",
        "change_message": "",
        "user": [
            "nixon"
        ],
        "content_type": [
            "udata",
            "human"
        ]
    },
    "model": "admin.logentry",
    "pk": 117
},
{
    "fields": {
        "action_flag": 1,
        "action_time": "2015-04-24T07:15:38Z",
        "object_repr": "Universitatea de Stat din Moldova",
        "object_id": "35",
        "change_message": "",
        "user": [
            "nixon"
        ],
        "content_type": [
            "udata",
            "study"
        ]
    },
    "model": "admin.logentry",
    "pk": 118
},
{
    "fields": {
        "action_flag": 1,
        "action_time": "2015-04-24T07:16:46Z",
        "object_repr": "ASECOOP",
        "object_id": "9",
        "change_message": "",
        "user": [
            "nixon"
        ],
        "content_type": [
            "udata",
            "work"
        ]
    },
    "model": "admin.logentry",
    "pk": 119
},
{
    "fields": {
        "action_flag": 1,
        "action_time": "2015-04-24T07:17:48Z",
        "object_repr": "URECOOP",
        "object_id": "10",
        "change_message": "",
        "user": [
            "nixon"
        ],
        "content_type": [
            "udata",
            "work"
        ]
    },
    "model": "admin.logentry",
    "pk": 120
},
{
    "fields": {
        "action_flag": 1,
        "action_time": "2015-04-24T07:18:37Z",
        "object_repr": "Baza Angro, URECOOP",
        "object_id": "11",
        "change_message": "",
        "user": [
            "nixon"
        ],
        "content_type": [
            "udata",
            "work"
        ]
    },
    "model": "admin.logentry",
    "pk": 121
},
{
    "fields": {
        "action_flag": 1,
        "action_time": "2015-04-24T07:19:34Z",
        "object_repr": "Inspectoratul Fiscal",
        "object_id": "12",
        "change_message": "",
        "user": [
            "nixon"
        ],
        "content_type": [
            "udata",
            "work"
        ]
    },
    "model": "admin.logentry",
    "pk": 122
},
{
    "fields": {
        "action_flag": 1,
        "action_time": "2015-04-24T07:21:11Z",
        "object_repr": "PP \u201eCuv\u00e2ntul\u201d SRL",
        "object_id": "13",
        "change_message": "",
        "user": [
            "nixon"
        ],
        "content_type": [
            "udata",
            "work"
        ]
    },
    "model": "admin.logentry",
    "pk": 123
},
{
    "fields": {
        "action_flag": 1,
        "action_time": "2015-04-24T07:21:58Z",
        "object_repr": "Romanian",
        "object_id": "4",
        "change_message": "",
        "user": [
            "nixon"
        ],
        "content_type": [
            "udata",
            "langskill"
        ]
    },
    "model": "admin.logentry",
    "pk": 124
},
{
    "fields": {
        "action_flag": 1,
        "action_time": "2015-04-24T07:22:18Z",
        "object_repr": "Russian",
        "object_id": "5",
        "change_message": "",
        "user": [
            "nixon"
        ],
        "content_type": [
            "udata",
            "langskill"
        ]
    },
    "model": "admin.logentry",
    "pk": 125
},
{
    "fields": {
        "action_flag": 1,
        "action_time": "2015-04-24T08:23:29Z",
        "object_repr": "Contabil",
        "object_id": "4",
        "change_message": "",
        "user": [
            "nixon"
        ],
        "content_type": [
            "udata",
            "cv"
        ]
    },
    "model": "admin.logentry",
    "pk": 126
},
{
    "fields": {
        "action_flag": 1,
        "action_time": "2015-04-24T08:24:47Z",
        "object_repr": "stela",
        "object_id": "3",
        "change_message": "",
        "user": [
            "nixon"
        ],
        "content_type": [
            "auth",
            "user"
        ]
    },
    "model": "admin.logentry",
    "pk": 127
},
{
    "fields": {
        "action_flag": 1,
        "action_time": "2015-04-24T08:24:50Z",
        "object_repr": "Stela Roman",
        "object_id": "6",
        "change_message": "",
        "user": [
            "nixon"
        ],
        "content_type": [
            "udata",
            "human"
        ]
    },
    "model": "admin.logentry",
    "pk": 128
},
{
    "fields": {
        "action_flag": 1,
        "action_time": "2015-04-24T08:25:47Z",
        "object_repr": "Universitatea de Stat din Moldova",
        "object_id": "36",
        "change_message": "",
        "user": [
            "nixon"
        ],
        "content_type": [
            "udata",
            "study"
        ]
    },
    "model": "admin.logentry",
    "pk": 129
},
{
    "fields": {
        "action_flag": 1,
        "action_time": "2015-04-24T08:26:12Z",
        "object_repr": "Universitatea Liber\u0103 Interna\u0163ional\u0103 din Moldova",
        "object_id": "37",
        "change_message": "",
        "user": [
            "nixon"
        ],
        "content_type": [
            "udata",
            "study"
        ]
    },
    "model": "admin.logentry",
    "pk": 130
},
{
    "fields": {
        "action_flag": 1,
        "action_time": "2015-04-24T08:26:39Z",
        "object_repr": "Liceul Teoretic \u201c\u015etefan cel Mare\u201d",
        "object_id": "38",
        "change_message": "",
        "user": [
            "nixon"
        ],
        "content_type": [
            "udata",
            "study"
        ]
    },
    "model": "admin.logentry",
    "pk": 131
},
{
    "fields": {
        "action_flag": 1,
        "action_time": "2015-04-24T08:27:14Z",
        "object_repr": "s\u0103pt\u0103m\u00e2nalul independent regional \u201cCuv\u00e2ntul\u201d , Rezina",
        "object_id": "14",
        "change_message": "",
        "user": [
            "nixon"
        ],
        "content_type": [
            "udata",
            "work"
        ]
    },
    "model": "admin.logentry",
    "pk": 132
},
{
    "fields": {
        "action_flag": 1,
        "action_time": "2015-04-24T08:27:52Z",
        "object_repr": "revista online pentru femei www.pentruea.md , Chi\u015fin\u0103u",
        "object_id": "15",
        "change_message": "",
        "user": [
            "nixon"
        ],
        "content_type": [
            "udata",
            "work"
        ]
    },
    "model": "admin.logentry",
    "pk": 133
},
{
    "fields": {
        "action_flag": 1,
        "action_time": "2015-04-24T08:28:39Z",
        "object_repr": "portalul de \u015ftiri Moldova.ORG , Chi\u015fin\u0103u",
        "object_id": "16",
        "change_message": "",
        "user": [
            "nixon"
        ],
        "content_type": [
            "udata",
            "work"
        ]
    },
    "model": "admin.logentry",
    "pk": 134
},
{
    "fields": {
        "action_flag": 1,
        "action_time": "2015-04-24T08:29:20Z",
        "object_repr": "Compania Teleradio-Moldova , Chi\u015fin\u0103u",
        "object_id": "17",
        "change_message": "",
        "user": [
            "nixon"
        ],
        "content_type": [
            "udata",
            "work"
        ]
    },
    "model": "admin.logentry",
    "pk": 135
},
{
    "fields": {
        "action_flag": 1,
        "action_time": "2015-04-24T08:30:55Z",
        "object_repr": "Societatea pentru refugia\u0163i , Chi\u015fin\u0103u",
        "object_id": "18",
        "change_message": "",
        "user": [
            "nixon"
        ],
        "content_type": [
            "udata",
            "work"
        ]
    },
    "model": "admin.logentry",
    "pk": 136
},
{
    "fields": {
        "action_flag": 1,
        "action_time": "2015-04-24T08:31:28Z",
        "object_repr": "Asocia\u0163ia Presei Independente , Chi\u015fin\u0103u",
        "object_id": "19",
        "change_message": "",
        "user": [
            "nixon"
        ],
        "content_type": [
            "udata",
            "work"
        ]
    },
    "model": "admin.logentry",
    "pk": 137
},
{
    "fields": {
        "action_flag": 1,
        "action_time": "2015-04-24T08:32:24Z",
        "object_repr": "raining \u201cMass-media \u00een ap\u0103rarea drepturilor muncitorilor migran\u0163i\u201d",
        "object_id": "2",
        "change_message": "",
        "user": [
            "nixon"
        ],
        "content_type": [
            "udata",
            "awards"
        ]
    },
    "model": "admin.logentry",
    "pk": 138
},
{
    "fields": {
        "action_flag": 1,
        "action_time": "2015-04-24T08:33:01Z",
        "object_repr": "Al doilea curs de instruire \u201cV\u00e2nz\u0103ri eficiente de publicitate \u00een ziare\"",
        "object_id": "3",
        "change_message": "",
        "user": [
            "nixon"
        ],
        "content_type": [
            "udata",
            "awards"
        ]
    },
    "model": "admin.logentry",
    "pk": 139
},
{
    "fields": {
        "action_flag": 1,
        "action_time": "2015-04-24T08:33:42Z",
        "object_repr": "Trainingul pentru jurnali\u015fti \u201cModele \u015fi strategii de business pentru ziare\u201d",
        "object_id": "4",
        "change_message": "",
        "user": [
            "nixon"
        ],
        "content_type": [
            "udata",
            "awards"
        ]
    },
    "model": "admin.logentry",
    "pk": 140
},
{
    "fields": {
        "action_flag": 1,
        "action_time": "2015-04-24T08:33:58Z",
        "object_repr": "Trainingul pentru jurnali\u015fti \u201cNormele etice \u00een scrierea \u015fi documentarea articolelor despre situa\u0163ia/drepturile persoanelor defavorizate \u015fi a celor din grupurile minoritare\u201d",
        "object_id": "5",
        "change_message": "",
        "user": [
            "nixon"
        ],
        "content_type": [
            "udata",
            "awards"
        ]
    },
    "model": "admin.logentry",
    "pk": 141
},
{
    "fields": {
        "action_flag": 1,
        "action_time": "2015-04-24T08:34:19Z",
        "object_repr": "Atelierul de instruire \u201cSchimb de bune practici \u00een investigarea cazurilor de trafic de fiin\u0163e umane\u201d",
        "object_id": "6",
        "change_message": "",
        "user": [
            "nixon"
        ],
        "content_type": [
            "udata",
            "awards"
        ]
    },
    "model": "admin.logentry",
    "pk": 142
},
{
    "fields": {
        "action_flag": 1,
        "action_time": "2015-04-24T08:34:50Z",
        "object_repr": " Trainingul \u201cImplementarea proiectelor\u201d, organizat de IREX \u015fi CPP",
        "object_id": "7",
        "change_message": "",
        "user": [
            "nixon"
        ],
        "content_type": [
            "udata",
            "awards"
        ]
    },
    "model": "admin.logentry",
    "pk": 143
},
{
    "fields": {
        "action_flag": 1,
        "action_time": "2015-04-24T08:35:09Z",
        "object_repr": " Trainingul \u201cDesignul proiectelor\u201d, organizat de IREX \u015fi CPP",
        "object_id": "8",
        "change_message": "",
        "user": [
            "nixon"
        ],
        "content_type": [
            "udata",
            "awards"
        ]
    },
    "model": "admin.logentry",
    "pk": 144
},
{
    "fields": {
        "action_flag": 1,
        "action_time": "2015-04-24T08:35:28Z",
        "object_repr": " Trainingul \u201cComunicare eficient\u0103. Prezentare performant\u0103\u201d, organizat de IREX \u015fi CPP",
        "object_id": "9",
        "change_message": "",
        "user": [
            "nixon"
        ],
        "content_type": [
            "udata",
            "awards"
        ]
    },
    "model": "admin.logentry",
    "pk": 145
},
{
    "fields": {
        "action_flag": 1,
        "action_time": "2015-04-24T08:35:43Z",
        "object_repr": " Trainingul \u201cManagementul conflicetlor\u201d, orgnizat de IREX \u015fi CPP",
        "object_id": "10",
        "change_message": "",
        "user": [
            "nixon"
        ],
        "content_type": [
            "udata",
            "awards"
        ]
    },
    "model": "admin.logentry",
    "pk": 146
},
{
    "fields": {
        "action_flag": 1,
        "action_time": "2015-04-24T08:36:14Z",
        "object_repr": "Jurnalist",
        "object_id": "5",
        "change_message": "",
        "user": [
            "nixon"
        ],
        "content_type": [
            "udata",
            "cv"
        ]
    },
    "model": "admin.logentry",
    "pk": 147
},
{
    "fields": {
        "action_flag": 1,
        "action_time": "2015-04-24T08:37:06Z",
        "object_repr": "Asociatia Presei Independente",
        "object_id": "20",
        "change_message": "",
        "user": [
            "nixon"
        ],
        "content_type": [
            "udata",
            "work"
        ]
    },
    "model": "admin.logentry",
    "pk": 148
},
{
    "fields": {
        "action_flag": 2,
        "action_time": "2015-04-24T08:37:11Z",
        "object_repr": "Jurnalist",
        "object_id": "5",
        "change_message": "S-a schimbat works.",
        "user": [
            "nixon"
        ],
        "content_type": [
            "udata",
            "cv"
        ]
    },
    "model": "admin.logentry",
    "pk": 149
},
{
    "fields": {
        "action_flag": 1,
        "action_time": "2015-04-24T08:37:32Z",
        "object_repr": "Romanian",
        "object_id": "6",
        "change_message": "",
        "user": [
            "nixon"
        ],
        "content_type": [
            "udata",
            "langskill"
        ]
    },
    "model": "admin.logentry",
    "pk": 150
},
{
    "fields": {
        "action_flag": 1,
        "action_time": "2015-04-24T08:37:42Z",
        "object_repr": "Russian",
        "object_id": "7",
        "change_message": "",
        "user": [
            "nixon"
        ],
        "content_type": [
            "udata",
            "langskill"
        ]
    },
    "model": "admin.logentry",
    "pk": 151
},
{
    "fields": {
        "action_flag": 1,
        "action_time": "2015-04-24T08:42:01Z",
        "object_repr": "English",
        "object_id": "8",
        "change_message": "",
        "user": [
            "nixon"
        ],
        "content_type": [
            "udata",
            "langskill"
        ]
    },
    "model": "admin.logentry",
    "pk": 152
},
{
    "fields": {
        "action_flag": 1,
        "action_time": "2015-04-24T08:42:29Z",
        "object_repr": "Sisteme de operare",
        "object_id": "6",
        "change_message": "",
        "user": [
            "nixon"
        ],
        "content_type": [
            "udata",
            "ability"
        ]
    },
    "model": "admin.logentry",
    "pk": 153
},
{
    "fields": {
        "action_flag": 1,
        "action_time": "2015-04-24T08:42:50Z",
        "object_repr": "Procesare text",
        "object_id": "7",
        "change_message": "",
        "user": [
            "nixon"
        ],
        "content_type": [
            "udata",
            "ability"
        ]
    },
    "model": "admin.logentry",
    "pk": 154
},
{
    "fields": {
        "action_flag": 1,
        "action_time": "2015-04-24T08:43:06Z",
        "object_repr": "Paginare",
        "object_id": "8",
        "change_message": "",
        "user": [
            "nixon"
        ],
        "content_type": [
            "udata",
            "ability"
        ]
    },
    "model": "admin.logentry",
    "pk": 155
},
{
    "fields": {
        "action_flag": 1,
        "action_time": "2015-04-24T08:43:23Z",
        "object_repr": "Grafic\u0103",
        "object_id": "9",
        "change_message": "",
        "user": [
            "nixon"
        ],
        "content_type": [
            "udata",
            "ability"
        ]
    },
    "model": "admin.logentry",
    "pk": 156
},
{
    "fields": {
        "action_flag": 1,
        "action_time": "2015-04-24T08:43:51Z",
        "object_repr": "Administrare web",
        "object_id": "10",
        "change_message": "",
        "user": [
            "nixon"
        ],
        "content_type": [
            "udata",
            "ability"
        ]
    },
    "model": "admin.logentry",
    "pk": 157
},
{
    "fields": {
        "action_flag": 2,
        "action_time": "2015-04-24T08:44:06Z",
        "object_repr": "Jurnalist",
        "object_id": "5",
        "change_message": "S-a schimbat abilities.",
        "user": [
            "nixon"
        ],
        "content_type": [
            "udata",
            "cv"
        ]
    },
    "model": "admin.logentry",
    "pk": 158
},
{
    "fields": {
        "action_flag": 2,
        "action_time": "2015-04-24T08:53:55Z",
        "object_repr": "Modern CV",
        "object_id": "1",
        "change_message": "S-a schimbat text.",
        "user": [
            "nixon"
        ],
        "content_type": [
            "udata",
            "cvtemplate"
        ]
    },
    "model": "admin.logentry",
    "pk": 159
},
{
    "fields": {
        "action_flag": 2,
        "action_time": "2015-04-24T08:55:34Z",
        "object_repr": "Friggery",
        "object_id": "3",
        "change_message": "S-a schimbat text.",
        "user": [
            "nixon"
        ],
        "content_type": [
            "udata",
            "cvtemplate"
        ]
    },
    "model": "admin.logentry",
    "pk": 160
},
{
    "fields": {
        "action_flag": 2,
        "action_time": "2015-04-24T08:55:43Z",
        "object_repr": "Deedy CV",
        "object_id": "2",
        "change_message": "S-a schimbat text.",
        "user": [
            "nixon"
        ],
        "content_type": [
            "udata",
            "cvtemplate"
        ]
    },
    "model": "admin.logentry",
    "pk": 161
},
{
    "fields": {
        "action_flag": 2,
        "action_time": "2015-04-24T08:56:29Z",
        "object_repr": "Jurnalist",
        "object_id": "5",
        "change_message": "S-a schimbat template.",
        "user": [
            "nixon"
        ],
        "content_type": [
            "udata",
            "cv"
        ]
    },
    "model": "admin.logentry",
    "pk": 162
},
{
    "fields": {
        "action_flag": 2,
        "action_time": "2015-04-24T09:00:03Z",
        "object_repr": "Jurnalist",
        "object_id": "5",
        "change_message": "S-a schimbat template.",
        "user": [
            "nixon"
        ],
        "content_type": [
            "udata",
            "cv"
        ]
    },
    "model": "admin.logentry",
    "pk": 163
},
{
    "fields": {
        "action_flag": 2,
        "action_time": "2015-04-24T09:01:28Z",
        "object_repr": "Contabil",
        "object_id": "4",
        "change_message": "S-a schimbat template.",
        "user": [
            "nixon"
        ],
        "content_type": [
            "udata",
            "cv"
        ]
    },
    "model": "admin.logentry",
    "pk": 164
},
{
    "fields": {
        "action_flag": 2,
        "action_time": "2015-04-24T09:04:50Z",
        "object_repr": "Friggery",
        "object_id": "3",
        "change_message": "S-a schimbat text.",
        "user": [
            "nixon"
        ],
        "content_type": [
            "udata",
            "cvtemplate"
        ]
    },
    "model": "admin.logentry",
    "pk": 165
},
{
    "fields": {
        "action_flag": 2,
        "action_time": "2015-04-24T09:08:53Z",
        "object_repr": "Friggery",
        "object_id": "3",
        "change_message": "S-a schimbat text.",
        "user": [
            "nixon"
        ],
        "content_type": [
            "udata",
            "cvtemplate"
        ]
    },
    "model": "admin.logentry",
    "pk": 166
},
{
    "fields": {
        "action_flag": 2,
        "action_time": "2015-04-24T09:09:15Z",
        "object_repr": "Friggery",
        "object_id": "3",
        "change_message": "S-a schimbat text.",
        "user": [
            "nixon"
        ],
        "content_type": [
            "udata",
            "cvtemplate"
        ]
    },
    "model": "admin.logentry",
    "pk": 167
},
{
    "fields": {
        "action_flag": 2,
        "action_time": "2015-04-24T09:10:43Z",
        "object_repr": "Friggery",
        "object_id": "3",
        "change_message": "S-a schimbat text.",
        "user": [
            "nixon"
        ],
        "content_type": [
            "udata",
            "cvtemplate"
        ]
    },
    "model": "admin.logentry",
    "pk": 168
},
{
    "fields": {
        "action_flag": 2,
        "action_time": "2015-04-24T09:11:51Z",
        "object_repr": "Cursul de instruire \u201cV\u00e2nz\u0103ri eficiente de publicitate \u00een ziare\"",
        "object_id": "3",
        "change_message": "S-a schimbat title.",
        "user": [
            "nixon"
        ],
        "content_type": [
            "udata",
            "awards"
        ]
    },
    "model": "admin.logentry",
    "pk": 169
},
{
    "fields": {
        "action_flag": 2,
        "action_time": "2015-04-24T09:12:14Z",
        "object_repr": " Trainingul \u201cManagementul conflicetlor\u201d",
        "object_id": "10",
        "change_message": "S-a schimbat title \u0219i description.",
        "user": [
            "nixon"
        ],
        "content_type": [
            "udata",
            "awards"
        ]
    },
    "model": "admin.logentry",
    "pk": 170
},
{
    "fields": {
        "action_flag": 2,
        "action_time": "2015-04-24T09:12:24Z",
        "object_repr": " Trainingul \u201cDesignul proiectelor\u201d",
        "object_id": "8",
        "change_message": "S-a schimbat title \u0219i description.",
        "user": [
            "nixon"
        ],
        "content_type": [
            "udata",
            "awards"
        ]
    },
    "model": "admin.logentry",
    "pk": 171
},
{
    "fields": {
        "action_flag": 2,
        "action_time": "2015-04-24T09:12:37Z",
        "object_repr": " Trainingul \u201cImplementarea proiectelor\u201d",
        "object_id": "7",
        "change_message": "S-a schimbat title \u0219i description.",
        "user": [
            "nixon"
        ],
        "content_type": [
            "udata",
            "awards"
        ]
    },
    "model": "admin.logentry",
    "pk": 172
},
{
    "fields": {
        "action_flag": 2,
        "action_time": "2015-04-24T09:12:47Z",
        "object_repr": "Training \u201cMass-media \u00een ap\u0103rarea drepturilor muncitorilor migran\u0163i\u201d",
        "object_id": "2",
        "change_message": "S-a schimbat title.",
        "user": [
            "nixon"
        ],
        "content_type": [
            "udata",
            "awards"
        ]
    },
    "model": "admin.logentry",
    "pk": 173
},
{
    "fields": {
        "action_flag": 1,
        "action_time": "2015-04-24T09:13:41Z",
        "object_repr": "\u015ecoala de Arte Plastice pentru Copii",
        "object_id": "39",
        "change_message": "",
        "user": [
            "nixon"
        ],
        "content_type": [
            "udata",
            "study"
        ]
    },
    "model": "admin.logentry",
    "pk": 174
},
{
    "fields": {
        "action_flag": 2,
        "action_time": "2015-04-24T09:13:42Z",
        "object_repr": "Jurnalist",
        "object_id": "5",
        "change_message": "S-a schimbat studies.",
        "user": [
            "nixon"
        ],
        "content_type": [
            "udata",
            "cv"
        ]
    },
    "model": "admin.logentry",
    "pk": 175
},
{
    "fields": {
        "action_flag": 2,
        "action_time": "2015-04-24T09:18:53Z",
        "object_repr": "s\u0103pt\u0103m\u00e2nalul independent regional \u201cCuv\u00e2ntul\u201d , Rezina",
        "object_id": "14",
        "change_message": "S-a schimbat comments.",
        "user": [
            "nixon"
        ],
        "content_type": [
            "udata",
            "work"
        ]
    },
    "model": "admin.logentry",
    "pk": 176
},
{
    "fields": {
        "action_flag": 2,
        "action_time": "2015-04-24T09:23:46Z",
        "object_repr": "Asociatia Presei Independente",
        "object_id": "20",
        "change_message": "S-a schimbat comments.",
        "user": [
            "nixon"
        ],
        "content_type": [
            "udata",
            "work"
        ]
    },
    "model": "admin.logentry",
    "pk": 177
},
{
    "fields": {
        "action_flag": 2,
        "action_time": "2015-04-24T09:28:21Z",
        "object_repr": "revista online pentru femei www.pentruea.md , Chi\u015fin\u0103u",
        "object_id": "15",
        "change_message": "S-a schimbat comments.",
        "user": [
            "nixon"
        ],
        "content_type": [
            "udata",
            "work"
        ]
    },
    "model": "admin.logentry",
    "pk": 178
},
{
    "fields": {
        "action_flag": 2,
        "action_time": "2015-04-24T09:30:58Z",
        "object_repr": "Specialist IT",
        "object_id": "1",
        "change_message": "S-a schimbat title.",
        "user": [
            "nixon"
        ],
        "content_type": [
            "udata",
            "cv"
        ]
    },
    "model": "admin.logentry",
    "pk": 179
},
{
    "fields": {
        "action_flag": 2,
        "action_time": "2015-04-24T09:32:03Z",
        "object_repr": "Contabil",
        "object_id": "4",
        "change_message": "S-a schimbat works.",
        "user": [
            "nixon"
        ],
        "content_type": [
            "udata",
            "cv"
        ]
    },
    "model": "admin.logentry",
    "pk": 180
},
{
    "fields": {
        "action_flag": 2,
        "action_time": "2015-04-24T09:33:08Z",
        "object_repr": "Jurnalist",
        "object_id": "5",
        "change_message": "S-a schimbat awards.",
        "user": [
            "nixon"
        ],
        "content_type": [
            "udata",
            "cv"
        ]
    },
    "model": "admin.logentry",
    "pk": 181
},
{
    "fields": {
        "action_flag": 2,
        "action_time": "2015-04-24T09:34:00Z",
        "object_repr": "revista online pentru femei www.pentruea.md , Chi\u015fin\u0103u",
        "object_id": "15",
        "change_message": "S-a schimbat comments.",
        "user": [
            "nixon"
        ],
        "content_type": [
            "udata",
            "work"
        ]
    },
    "model": "admin.logentry",
    "pk": 182
},
{
    "fields": {
        "action_flag": 2,
        "action_time": "2015-04-24T09:35:02Z",
        "object_repr": "Specialist IT",
        "object_id": "1",
        "change_message": "S-a schimbat awards.",
        "user": [
            "nixon"
        ],
        "content_type": [
            "udata",
            "cv"
        ]
    },
    "model": "admin.logentry",
    "pk": 183
},
{
    "fields": {
        "action_flag": 2,
        "action_time": "2015-04-24T09:37:41Z",
        "object_repr": "Antek-Mol",
        "object_id": "8",
        "change_message": "S-a schimbat end_year.",
        "user": [
            "nixon"
        ],
        "content_type": [
            "udata",
            "work"
        ]
    },
    "model": "admin.logentry",
    "pk": 184
},
{
    "fields": {
        "action_flag": 1,
        "action_time": "2015-04-24T09:39:01Z",
        "object_repr": "Ziarul \"Cuvantul\", Rezina",
        "object_id": "21",
        "change_message": "",
        "user": [
            "nixon"
        ],
        "content_type": [
            "udata",
            "work"
        ]
    },
    "model": "admin.logentry",
    "pk": 185
},
{
    "fields": {
        "action_flag": 2,
        "action_time": "2015-04-24T09:39:11Z",
        "object_repr": "Ziarul \"Cuvantul\", Rezina",
        "object_id": "21",
        "change_message": "Niciun c\u00e2mp modificat.",
        "user": [
            "nixon"
        ],
        "content_type": [
            "udata",
            "work"
        ]
    },
    "model": "admin.logentry",
    "pk": 186
},
{
    "fields": {
        "action_flag": 1,
        "action_time": "2015-04-24T09:41:11Z",
        "object_repr": "Sport-Express.MD",
        "object_id": "22",
        "change_message": "",
        "user": [
            "nixon"
        ],
        "content_type": [
            "udata",
            "work"
        ]
    },
    "model": "admin.logentry",
    "pk": 187
},
{
    "fields": {
        "action_flag": 2,
        "action_time": "2015-04-24T09:42:15Z",
        "object_repr": "Specialist IT",
        "object_id": "1",
        "change_message": "S-a schimbat works.",
        "user": [
            "nixon"
        ],
        "content_type": [
            "udata",
            "cv"
        ]
    },
    "model": "admin.logentry",
    "pk": 188
},
{
    "fields": {
        "action_flag": 2,
        "action_time": "2015-04-24T09:44:21Z",
        "object_repr": "Specialist IT",
        "object_id": "1",
        "change_message": "S-a schimbat works.",
        "user": [
            "nixon"
        ],
        "content_type": [
            "udata",
            "cv"
        ]
    },
    "model": "admin.logentry",
    "pk": 189
},
{
    "fields": {
        "action_flag": 2,
        "action_time": "2015-04-28T16:50:27Z",
        "object_repr": "Friggery",
        "object_id": "3",
        "change_message": "S-a schimbat text.",
        "user": [
            "nixon"
        ],
        "content_type": [
            "udata",
            "cvtemplate"
        ]
    },
    "model": "admin.logentry",
    "pk": 190
},
{
    "fields": {
        "action_flag": 3,
        "action_time": "2015-04-29T10:47:59Z",
        "object_repr": "Viorel Roman",
        "object_id": "7",
        "change_message": "",
        "user": [
            "nixon"
        ],
        "content_type": [
            "udata",
            "human"
        ]
    },
    "model": "admin.logentry",
    "pk": 191
},
{
    "fields": {
        "action_flag": 3,
        "action_time": "2015-04-29T10:48:56Z",
        "object_repr": "Viorel Roman",
        "object_id": "8",
        "change_message": "",
        "user": [
            "nixon"
        ],
        "content_type": [
            "udata",
            "human"
        ]
    },
    "model": "admin.logentry",
    "pk": 192
},
{
    "fields": {
        "action_flag": 3,
        "action_time": "2015-04-29T13:28:22Z",
        "object_repr": "Viorel Roman",
        "object_id": "9",
        "change_message": "",
        "user": [
            "nixon"
        ],
        "content_type": [
            "udata",
            "human"
        ]
    },
    "model": "admin.logentry",
    "pk": 193
},
{
    "fields": {
        "action_flag": 3,
        "action_time": "2015-04-29T13:33:31Z",
        "object_repr": "Viorel Roman",
        "object_id": "10",
        "change_message": "",
        "user": [
            "nixon"
        ],
        "content_type": [
            "udata",
            "human"
        ]
    },
    "model": "admin.logentry",
    "pk": 194
},
{
    "fields": {
        "action_flag": 2,
        "action_time": "2015-04-30T10:47:16Z",
        "object_repr": "Friggery",
        "object_id": "3",
        "change_message": "S-a schimbat text.",
        "user": [
            "nixon"
        ],
        "content_type": [
            "udata",
            "cvtemplate"
        ]
    },
    "model": "admin.logentry",
    "pk": 195
},
{
    "fields": {
        "action_flag": 2,
        "action_time": "2015-04-30T10:49:48Z",
        "object_repr": "Friggery",
        "object_id": "3",
        "change_message": "S-a schimbat text.",
        "user": [
            "nixon"
        ],
        "content_type": [
            "udata",
            "cvtemplate"
        ]
    },
    "model": "admin.logentry",
    "pk": 196
},
{
    "fields": {
        "action_flag": 2,
        "action_time": "2015-04-30T10:51:53Z",
        "object_repr": "Friggery",
        "object_id": "3",
        "change_message": "S-a schimbat text.",
        "user": [
            "nixon"
        ],
        "content_type": [
            "udata",
            "cvtemplate"
        ]
    },
    "model": "admin.logentry",
    "pk": 197
},
{
    "fields": {
        "action_flag": 2,
        "action_time": "2015-04-30T14:50:39Z",
        "object_repr": "Friggery",
        "object_id": "3",
        "change_message": "S-a schimbat text.",
        "user": [
            "nixon"
        ],
        "content_type": [
            "udata",
            "cvtemplate"
        ]
    },
    "model": "admin.logentry",
    "pk": 198
},
{
    "fields": {
        "action_flag": 2,
        "action_time": "2015-04-30T19:09:17Z",
        "object_repr": "Russian",
        "object_id": "1",
        "change_message": "S-a schimbat language.",
        "user": [
            "nixon"
        ],
        "content_type": [
            "udata",
            "langskill"
        ]
    },
    "model": "admin.logentry",
    "pk": 199
},
{
    "fields": {
        "action_flag": 2,
        "action_time": "2015-04-30T19:09:31Z",
        "object_repr": "Romanian",
        "object_id": "2",
        "change_message": "S-a schimbat language.",
        "user": [
            "nixon"
        ],
        "content_type": [
            "udata",
            "langskill"
        ]
    },
    "model": "admin.logentry",
    "pk": 200
},
{
    "fields": {
        "action_flag": 2,
        "action_time": "2015-04-30T19:09:43Z",
        "object_repr": "English",
        "object_id": "3",
        "change_message": "S-a schimbat language.",
        "user": [
            "nixon"
        ],
        "content_type": [
            "udata",
            "langskill"
        ]
    },
    "model": "admin.logentry",
    "pk": 201
},
{
    "fields": {
        "action_flag": 2,
        "action_time": "2015-04-30T20:29:12Z",
        "object_repr": "Friggery",
        "object_id": "3",
        "change_message": "S-a schimbat text.",
        "user": [
            "nixon"
        ],
        "content_type": [
            "udata",
            "cvtemplate"
        ]
    },
    "model": "admin.logentry",
    "pk": 202
},
{
    "fields": {
        "action_flag": 2,
        "action_time": "2015-04-30T20:31:27Z",
        "object_repr": "Friggery",
        "object_id": "3",
        "change_message": "S-a schimbat text.",
        "user": [
            "nixon"
        ],
        "content_type": [
            "udata",
            "cvtemplate"
        ]
    },
    "model": "admin.logentry",
    "pk": 203
},
{
    "fields": {
        "action_flag": 2,
        "action_time": "2015-04-30T20:36:32Z",
        "object_repr": "Friggery",
        "object_id": "3",
        "change_message": "S-a schimbat text.",
        "user": [
            "nixon"
        ],
        "content_type": [
            "udata",
            "cvtemplate"
        ]
    },
    "model": "admin.logentry",
    "pk": 204
},
{
    "fields": {
        "action_flag": 2,
        "action_time": "2015-04-30T20:38:31Z",
        "object_repr": "Friggery",
        "object_id": "3",
        "change_message": "S-a schimbat text.",
        "user": [
            "nixon"
        ],
        "content_type": [
            "udata",
            "cvtemplate"
        ]
    },
    "model": "admin.logentry",
    "pk": 205
},
{
    "fields": {
        "action_flag": 2,
        "action_time": "2015-05-05T10:21:27Z",
        "object_repr": "Friggery",
        "object_id": "3",
        "change_message": "S-a schimbat text.",
        "user": [
            "nixon"
        ],
        "content_type": [
            "udata",
            "cvtemplate"
        ]
    },
    "model": "admin.logentry",
    "pk": 206
},
{
    "fields": {
        "action_flag": 3,
        "action_time": "2015-05-05T14:24:25Z",
        "object_repr": "ViorelRoman",
        "object_id": "4",
        "change_message": "",
        "user": [
            "nixon"
        ],
        "content_type": [
            "auth",
            "user"
        ]
    },
    "model": "admin.logentry",
    "pk": 207
},
{
    "fields": {
        "action_flag": 3,
        "action_time": "2015-05-05T15:21:14Z",
        "object_repr": "ViorelRoman",
        "object_id": "7",
        "change_message": "",
        "user": [
            "nixon"
        ],
        "content_type": [
            "auth",
            "user"
        ]
    },
    "model": "admin.logentry",
    "pk": 208
},
{
    "fields": {
        "action_flag": 2,
        "action_time": "2015-05-13T08:53:21Z",
        "object_repr": "Friggery",
        "object_id": "3",
        "change_message": "S-a schimbat text.",
        "user": [
            "nixon"
        ],
        "content_type": [
            "udata",
            "cvtemplate"
        ]
    },
    "model": "admin.logentry",
    "pk": 209
}
]
